Workbook

Sheet Read Me
A1: NZ 2026 election — poll tracker & party-vote leverage model
A2: Updated 14 Oct 2026 for the 7 Nov 2026 general election. Poll data current to 13 Oct 2026 (latest: 1News–Verian, 8–12 Oct).
A4: What it answers
A5: Under MMP, seats are shared out with the Sainte-Laguë formula. At any moment one party is 'next in line' for the 121st seat. A party vote for that party is the one most likely to add an MP; a vote for a party far from its next seat, or below 5% with no electorate, is much less likely to change the seat count.
A7: Tabs
A8: Seat Calculator — pick 'Average' or any poll, optionally add a what-if adjustment, and see seats, the gap to each party's next seat, and a verdict.
A9: Poll-by-Poll — every poll run through the same engine, plus a summary of how often each party is next in line or close to a seat.
A10: Polls — the data. Add new polls in the blank blue rows; set Include = Y to put them in the average.
A11: Pollster Methods — how each company polls (phone, online, sampling), with what's verified vs to-check.
A12: Settings — seats, 5% threshold, vote-count estimate, 'close' thresholds, and the electorate seats each party is assumed to win.
A13: Engine — the Sainte-Laguë calculation (60 divisors per party per poll). No need to touch it.
A15: Colour legend
... A25: Wikipedia, 'Opinion polling for the 2026 New Zealand general election' (accessed 14 Oct 2026); RNZ (RNZ–Reid Research poll, 6 Oct 2026); 1News (1News–Verian polls, 6 and 13 Oct 2026); Roy Morgan (September 2026 NZ poll); interest.co.nz and NZ Herald (Taxpayers' Union–Curia, 9 Oct 2026). Method: Electoral Act 1993 Sainte-Laguë allocation, as used by the Electoral Commission's MMP seat calculator.

Sheet Seat Calculator
A1: MMP seat calculator — which party vote is closest to adding a seat?
A3: Scenario (pick 'Average' or a poll ID): | C3: Average
A4: Optional: type a what-if adjustment in column D (e.g. 0.5% to give a party half a point more).
A7: Party | B7: Code | C7: Poll share | D7: What-if adjustment (pp) | E7: Scenario share | F7: Electorates assumed | G7: In Parliament? | H7: List entitlement (seats) | I7: Final seats | J7: Overhang seats | K7: Gap to next seat (pp of total vote) | L7: ≈ extra party votes needed | M7: Progress to next seat | N7: Cushion before losing a seat (pp) | O7: Verdict | P7: Leverage rank (1 = closest to +1 seat) | Q7: Bloc
A8: National | B8: NAT | C8: =IF($C$3="Average",N(Polls!H37),IFERROR(N(INDEX(Polls!H$6:H$35,MATCH($C$3,Polls!$A$6:$A$35,0))),0)) -> 0.28488889 | D8: 0 | E8: =MAX(0,C8+D8) -> 0.28488889 | F8: =Settings!$C$14 -> 0 | G8: =IF(Engine!BT283="Next seat","Yes","No") -> Yes | H8: =Engine!BL283 -> 34 | I8: =Engine!BM283 -> 34 | J8: =MAX(0,I8-H8) -> 0 | K8: =Engine!BN283 -> 0.00031111111 | L8: =IF(K8="","",ROUND(K8*Settings!$B$6,-2)) -> 900 | M8: =Engine!BP283 -> 0.96236559 | N8: =Engine!BO283 -> 0.008257649 | O8: =IF(G8="No",IF(K8<=Settings!$B$9,"Below 5% but within reach","Below 5% — vote doesn't win a seat"),IF(K8<=Settings!$B$7,"Very close to +1 seat",IF(K8<=Settings!$B$8,"Close to +1 seat",IF(K8<=Settings!$B$9,"Possible +1 seat","Not near a seat")))) -> Very close to +1 seat | P8: =IF(G8="Yes",COUNTIFS($G$8:$G$14,"Yes",$K$8:$K$14,"<"&K8)+1,"") -> 1 | Q8: =Settings!D14 -> Govt
A9: Labour | B9: LAB | C9: =IF($C$3="Average",N(Polls!I37),IFERROR(N(INDEX(Polls!I$6:I$35,MATCH($C$3,Polls!$A$6:$A$35,0))),0)) -> 0.27933333 | D9: 0 | E9: =MAX(0,C9+D9) -> 0.27933333 | F9: =Settings!$C$15 -> 0 | G9: =IF(Engine!BT284="Next seat","Yes","No") -> Yes | H9: =Engine!BL284 -> 34 | I9: =Engine!BM284 -> 34 | J9: =MAX(0,I9-H9) -> 0 | K9: =Engine!BN284 -> 0.0058666667 | L9: =IF(K9="","",ROUND(K9*Settings!$B$6,-2)) -> 17000 | M9: =Engine!BP284 -> 0.29032258 | N9: =Engine!BO284 -> 0.0027020934 | O9: =IF(G9="No",IF(K9<=Settings!$B$9,"Below 5% but within reach","Below 5% — vote doesn't win a seat"),IF(K9<=Settings!$B$7,"Very close to +1 seat",IF(K9<=Settings!$B$8,"Close to +1 seat",IF(K9<=Settings!$B$9,"Possible +1 seat","Not near a seat")))) -> Possible +1 seat | P9: =IF(G9="Yes",COUNTIFS($G$8:$G$14,"Yes",$K$8:$K$14,"<"&K9)+1,"") -> 3 | Q9: =Settings!D15 -> Opposition
A10: Green | B10: GRN | C10: =IF($C$3="Average",N(Polls!J37),IFERROR(N(INDEX(Polls!J$6:J$35,MATCH($C$3,Polls!$A$6:$A$35,0))),0)) -> 0.14555556 | D10: 0 | E10: =MAX(0,C10+D10) -> 0.14555556 | F10: =Settings!$C$16 -> 3 | G10: =IF(Engine!BT285="Next seat","Yes","No") -> Yes | H10: =Engine!BL285 -> 18 | I10: =Engine!BM285 -> 18 | J10: =MAX(0,I10-H10) -> 0 | K10: =Engine!BN285 -> 0.0073777778 | L10: =IF(K10="","",ROUND(K10*Settings!$B$6,-2)) -> 21400 | M10: =Engine!BP285 -> 0.10752688 | N10: =Engine!BO285 -> 0.0010466989 | O10: =IF(G10="No",IF(K10<=Settings!$B$9,"Below 5% but within reach","Below 5% — vote doesn't win a seat"),IF(K10<=Settings!$B$7,"Very close to +1 seat",IF(K10<=Settings!$B$8,"Close to +1 seat",IF(K10<=Settings!$B$9,"Possible +1 seat","Not near a seat")))) -> Possible +1 seat | P10: =IF(G10="Yes",COUNTIFS($G$8:$G$14,"Yes",$K$8:$K$14,"<"&K10)+1,"") -> 5 | Q10: =Settings!D16 -> Opposition
A11: ACT | B11: ACT | C11: =IF($C$3="Average",N(Polls!K37),IFERROR(N(INDEX(Polls!K$6:K$35,MATCH($C$3,Polls!$A$6:$A$35,0))),0)) -> 0.096333333 | D11: 0 | E11: =MAX(0,C11+D11) -> 0.096333333 | F11: =Settings!$C$17 -> 2 | G11: =IF(Engine!BT286="Next seat","Yes","No") -> Yes | H11: =Engine!BL286 -> 12 | I11: =Engine!BM286 -> 12 | J11: =MAX(0,I11-H11) -> 0 | K11: =Engine!BN286 -> 0.007 | L11: =IF(K11="","",ROUND(K11*Settings!$B$6,-2)) -> 20300 | M11: =Engine!BP286 -> 0.15322581 | N11: =Engine!BO286 -> 0.0013703704 | O11: =IF(G11="No",IF(K11<=Settings!$B$9,"Below 5% but within reach","Below 5% — vote doesn't win a seat"),IF(K11<=Settings!$B$7,"Very close to +1 seat",IF(K11<=Settings!$B$8,"Close to +1 seat",IF(K11<=Settings!$B$9,"Possible +1 seat","Not near a seat")))) -> Possible +1 seat | P11: =IF(G11="Yes",COUNTIFS($G$8:$G$14,"Yes",$K$8:$K$14,"<"&K11)+1,"") -> 4 | Q11: =Settings!D17 -> Govt
A12: NZ First | B12: NZF | C12: =IF($C$3="Average",N(Polls!L37),IFERROR(N(INDEX(Polls!L$6:L$35,MATCH($C$3,Polls!$A$6:$A$35,0))),0)) -> 0.10333333 | D12: 0 | E12: =MAX(0,C12+D12) -> 0.10333333 | F12: =Settings!$C$18 -> 0 | G12: =IF(Engine!BT287="Next seat","Yes","No") -> Yes | H12: =Engine!BL287 -> 13 | I12: =Engine!BM287 -> 13 | J12: =MAX(0,I12-H12) -> 0 | K12: =Engine!BN287 -> 0.0082666667 | L12: =IF(K12="","",ROUND(K12*Settings!$B$6,-2)) -> 24000 | M12: =Engine!BP287 -> 0 | N12: =Engine!BO287 -> 0.00011272142 | O12: =IF(G12="No",IF(K12<=Settings!$B$9,"Below 5% but within reach","Below 5% — vote doesn't win a seat"),IF(K12<=Settings!$B$7,"Very close to +1 seat",IF(K12<=Settings!$B$8,"Close to +1 seat",IF(K12<=Settings!$B$9,"Possible +1 seat","Not near a seat")))) -> Possible +1 seat | P12: =IF(G12="Yes",COUNTIFS($G$8:$G$14,"Yes",$K$8:$K$14,"<"&K12)+1,"") -> 6 | Q12: =Settings!D18 -> Govt
A13: Te Pāti Māori | B13: TPM | C13: =IF($C$3="Average",N(Polls!M37),IFERROR(N(INDEX(Polls!M$6:M$35,MATCH($C$3,Polls!$A$6:$A$35,0))),0)) -> 0.0145 | D13: 0 | E13: =MAX(0,C13+D13) -> 0.0145 | F13: =Settings!$C$19 -> 4 | G13: =IF(Engine!BT288="Next seat","Yes","No") -> Yes | H13: =Engine!BL288 -> 2 | I13: =Engine!BM288 -> 4 | J13: =MAX(0,I13-H13) -> 2 | K13: =Engine!BN288 -> 0.0227 | L13: =IF(K13="","",ROUND(K13*Settings!$B$6,-2)) -> 65800 | M13: =Engine!BP288 -> 0 | N13: =Engine!BO288 -> Protected by electorates | O13: =IF(G13="No",IF(K13<=Settings!$B$9,"Below 5% but within reach","Below 5% — vote doesn't win a seat"),IF(K13<=Settings!$B$7,"Very close to +1 seat",IF(K13<=Settings!$B$8,"Close to +1 seat",IF(K13<=Settings!$B$9,"Possible +1 seat","Not near a seat")))) -> Not near a seat | P13: =IF(G13="Yes",COUNTIFS($G$8:$G$14,"Yes",$K$8:$K$14,"<"&K13)+1,"") -> 7 | Q13: =Settings!D19 -> Opposition
A14: Opportunity | B14: OPP | C14: =IF($C$3="Average",N(Polls!N37),IFERROR(N(INDEX(Polls!N$6:N$35,MATCH($C$3,Polls!$A$6:$A$35,0))),0)) -> 0.061444444 | D14: 0 | E14: =MAX(0,C14+D14) -> 0.061444444 | F14: =Settings!$C$20 -> 0 | G14: =IF(Engine!BT289="Next seat","Yes","No") -> Yes | H14: =Engine!BL289 -> 7 | I14: =Engine!BM289 -> 7 | J14: =MAX(0,I14-H14) -> 0 | K14: =Engine!BN289 -> 0.00055555556 | L14: =IF(K14="","",ROUND(K14*Settings!$B$6,-2)) -> 1600 | M14: =Engine!BP289 -> 0.9327957 | N14: =Engine!BO289 -> 0.0077697262 | O14: =IF(G14="No",IF(K14<=Settings!$B$9,"Below 5% but within reach","Below 5% — vote doesn't win a seat"),IF(K14<=Settings!$B$7,"Very close to +1 seat",IF(K14<=Settings!$B$8,"Close to +1 seat",IF(K14<=Settings!$B$9,"Possible +1 seat","Not near a seat")))) -> Very close to +1 seat | P14: =IF(G14="Yes",COUNTIFS($G$8:$G$14,"Yes",$K$8:$K$14,"<"&K14)+1,"") -> 2 | Q14: =Settings!D20 -> Undeclared
A16: Total seats | I16: =SUM(I8:I14)+Settings!$B$10 -> 122 | J16: =I16-Settings!$B$4 -> 2
A17: Seats needed for a majority | I17: =INT(I16/2)+1 -> 62
A18: Other electorate winners (from Settings) | I18: =Settings!$B$10 -> 0
A20: The marginal seat
A21: Party that won the last (120th) list seat: | E21: =IFERROR(INDEX($A$8:$A$14,MATCH(Engine!E282,$B$8:$B$14,0)),"") -> NZ First
A22: Party next in line for a seat (most leverage per vote): | E22: =IFERROR(INDEX($A$8:$A$14,MATCH(Engine!F282,$B$8:$B$14,0)),"") -> National
A24: Bloc totals
A25: Bloc | C25: Seats | D25: Majority?
A26: Govt | C26: =SUMIF($Q$8:$Q$14,A26,$I$8:$I$14) -> 59 | D26: =IF(C26>=$I$17,"Yes","No") -> No
A27: Opposition | C27: =SUMIF($Q$8:$Q$14,A27,$I$8:$I$14) -> 56 | D27: =IF(C27>=$I$17,"Yes","No") -> No
A28: Undeclared | C28: =SUMIF($Q$8:$Q$14,A28,$I$8:$I$14) -> 7 | D28: =IF(C28>=$I$17,"Yes","No") -> No
A29: Bloc names come from Settings column D; edit them there.
A31: How to read this:
A32: • Gap to next seat = how many more percentage points of the total party vote the party needs before Sainte-Laguë gives it one more seat (holding everyone else's vote fixed).
A33: • The smallest gap among parties in Parliament is where an extra party vote is most likely to turn into an extra seat. That party is 'next in line'.
A34: • For a party under 5% with no electorate, the gap is to the threshold instead. Crossing it brings in a whole block of MPs at once (about 6), but every vote below it elects nobody.
A35: • Overhang parties (more electorates than list entitlement) gain nothing from extra party votes until their entitlement passes their electorate count.
A36: • Poll error is ±2–3 pp per party, far bigger than most seat gaps. Treat this as 'where the margin sits', not a prediction.

Sheet Poll-by-Poll
A1: Poll-by-poll: seats, and how close each party is to its next seat
A2: Each poll run through the same Sainte-Laguë engine. Gap columns are pp of total party vote (threshold gap for sub-5% parties without an electorate). Greener = closer.
A5: Poll ID | B5: Pollster | C5: Fieldwork end | D5: Included? | E5: NAT seats | F5: LAB seats | G5: GRN seats | H5: ACT seats | I5: NZF seats | J5: TPM seats | K5: OPP seats | L5: Total seats | M5: Last seat to | N5: Next in line | O5: NAT gap | P5: LAB gap | Q5: GRN gap | R5: ACT gap | S5: NZF gap | T5: TPM gap | U5: OPP gap
A6: =IF(Polls!A6="","",Polls!A6) -> Verian 12 Oct | B6: =IF(Polls!B6="","",Polls!B6) -> 1News–Verian | C6: =IF(Polls!D6="","",Polls!D6) -> 46307 | D6: =IF(Polls!P6="","",Polls!P6) -> Y | E6: =IF(Engine!$B$3=1,Engine!BM4,"") -> 34 | F6: =IF(Engine!$B$3=1,Engine!BM5,"") -> 34 | G6: =IF(Engine!$B$3=1,Engine!BM6,"") -> 18 | H6: =IF(Engine!$B$3=1,Engine!BM7,"") -> 12 | I6: =IF(Engine!$B$3=1,Engine!BM8,"") -> 12 | J6: =IF(Engine!$B$3=1,Engine!BM9,"") -> 4 | K6: =IF(Engine!$B$3=1,Engine!BM10,"") -> 10 | L6: =Engine!G3 -> 124 | M6: =Engine!E3 -> NAT | N6: =Engine!F3 -> NAT | O6: =IF(Engine!$B$3=1,Engine!BN4,"") -> 0.008358209 | P6: =IF(Engine!$B$3=1,Engine!BN5,"") -> 0.008358209 | Q6: =IF(Engine!$B$3=1,Engine!BN6,"") -> 0.0046268657 | R6: =IF(Engine!$B$3=1,Engine!BN7,"") -> 0.0044776119 | S6: =IF(Engine!$B$3=1,Engine!BN8,"") -> 0.0044776119 | T6: =IF(Engine!$B$3=1,Engine!BN9,"") -> 0.03361194 | U6: =IF(Engine!$B$3=1,Engine!BN10,"") -> 0.007761194
A7: =IF(Polls!A7="","",Polls!A7) -> Curia Oct | B7: =IF(Polls!B7="","",Polls!B7) -> Taxpayers' Union–Curia | C7: =IF(Polls!D7="","",Polls!D7) -> 46300 | D7: =IF(Polls!P7="","",Polls!P7) -> Y | E7: =IF(Engine!$B$12=1,Engine!BM13,"") -> 37 | F7: =IF(Engine!$B$12=1,Engine!BM14,"") -> 36 | G7: =IF(Engine!$B$12=1,Engine!BM15,"") -> 17 | H7: =IF(Engine!$B$12=1,Engine!BM16,"") -> 12 | I7: =IF(Engine!$B$12=1,Engine!BM17,"") -> 16 | J7: =IF(Engine!$B$12=1,Engine!BM18,"") -> 4 | K7: =IF(Engine!$B$12=1,Engine!BM19,"") -> 0 | L7: =Engine!G12 -> 122 | M7: =Engine!E12 -> NZF | N7: =Engine!F12 -> LAB | O7: =IF(Engine!$B$12=1,Engine!BN13,"") -> 0.0053225806 | P7: =IF(Engine!$B$12=1,Engine!BN14,"") -> 0.00058064516 | Q7: =IF(Engine!$B$12=1,Engine!BN15,"") -> 0.002483871 | R7: =IF(Engine!$B$12=1,Engine!BN16,"") -> 0.0047741935 | S7: =IF(Engine!$B$12=1,Engine!BN17,"") -> 0.0077419355 | T7: =IF(Engine!$B$12=1,Engine!BN18,"") -> 0.02083871 | U7: =IF(Engine!$B$12=1,Engine!BN19,"") -> 0.002
A8: =IF(Polls!A8="","",Polls!A8) -> Verian 5 Oct | B8: =IF(Polls!B8="","",Polls!B8) -> 1News–Verian | C8: =IF(Polls!D8="","",Polls!D8) -> 46300 | D8: =IF(Polls!P8="","",Polls!P8) -> Y | E8: =IF(Engine!$B$21=1,Engine!BM22,"") -> 35 | F8: =IF(Engine!$B$21=1,Engine!BM23,"") -> 34 | G8: =IF(Engine!$B$21=1,Engine!BM24,"") -> 19 | H8: =IF(Engine!$B$21=1,Engine!BM25,"") -> 11 | I8: =IF(Engine!$B$21=1,Engine!BM26,"") -> 12 | J8: =IF(Engine!$B$21=1,Engine!BM27,"") -> 4 | K8: =IF(Engine!$B$21=1,Engine!BM28,"") -> 8 | L8: =Engine!G21 -> 123 | M8: =Engine!E21 -> LAB | N8: =Engine!F21 -> OPP | O8: =IF(Engine!$B$21=1,Engine!BN22,"") -> 0.0067164179 | P8: =IF(Engine!$B$21=1,Engine!BN23,"") -> 0.008358209 | Q8: =IF(Engine!$B$21=1,Engine!BN24,"") -> 0.0029850746 | R8: =IF(Engine!$B$21=1,Engine!BN25,"") -> 0.006119403 | S8: =IF(Engine!$B$21=1,Engine!BN26,"") -> 0.0044776119 | T8: =IF(Engine!$B$21=1,Engine!BN27,"") -> 0.03161194 | U8: =IF(Engine!$B$21=1,Engine!BN28,"") -> 0.0010447761
A9: =IF(Polls!A9="","",Polls!A9) -> Reid Oct | B9: =IF(Polls!B9="","",Polls!B9) -> RNZ–Reid Research | C9: =IF(Polls!D9="","",Polls!D9) -> 46296 | D9: =IF(Polls!P9="","",Polls!P9) -> Y | E9: =IF(Engine!$B$30=1,Engine!BM31,"") -> 32 | F9: =IF(Engine!$B$30=1,Engine!BM32,"") -> 37 | G9: =IF(Engine!$B$30=1,Engine!BM33,"") -> 18 | H9: =IF(Engine!$B$30=1,Engine!BM34,"") -> 11 | I9: =IF(Engine!$B$30=1,Engine!BM35,"") -> 13 | J9: =IF(Engine!$B$30=1,Engine!BM36,"") -> 4 | K9: =IF(Engine!$B$30=1,Engine!BM37,"") -> 7 | L9: =Engine!G30 -> 122 | M9: =Engine!E30 -> NAT | N9: =Engine!F30 -> LAB | O9: =IF(Engine!$B$30=1,Engine!BN31,"") -> 0.0082222222 | P9: =IF(Engine!$B$30=1,Engine!BN32,"") -> 0.00033333333 | Q9: =IF(Engine!$B$30=1,Engine!BN33,"") -> 0.0041111111 | R9: =IF(Engine!$B$30=1,Engine!BN34,"") -> 0.0045555556 | S9: =IF(Engine!$B$30=1,Engine!BN35,"") -> 0.005 | T9: =IF(Engine!$B$30=1,Engine!BN36,"") -> 0.0225 | U9: =IF(Engine!$B$30=1,Engine!BN37,"") -> 0.0066666667
A10: =IF(Polls!A10="","",Polls!A10) -> Verian 27 Sep | B10: =IF(Polls!B10="","",Polls!B10) -> 1News–Verian | C10: =IF(Polls!D10="","",Polls!D10) -> 46292 | D10: =IF(Polls!P10="","",Polls!P10) -> Y | E10: =IF(Engine!$B$39=1,Engine!BM40,"") -> 34 | F10: =IF(Engine!$B$39=1,Engine!BM41,"") -> 34 | G10: =IF(Engine!$B$39=1,Engine!BM42,"") -> 20 | H10: =IF(Engine!$B$39=1,Engine!BM43,"") -> 13 | I10: =IF(Engine!$B$39=1,Engine!BM44,"") -> 11 | J10: =IF(Engine!$B$39=1,Engine!BM45,"") -> 4 | K10: =IF(Engine!$B$39=1,Engine!BM46,"") -> 7 | L10: =Engine!G39 -> 123 | M10: =Engine!E39 -> GRN | N10: =Engine!F39 -> ACT | O10: =IF(Engine!$B$39=1,Engine!BN40,"") -> 0.0030769231 | P10: =IF(Engine!$B$39=1,Engine!BN41,"") -> 0.0030769231 | Q10: =IF(Engine!$B$39=1,Engine!BN42,"") -> 0.0082051282 | R10: =IF(Engine!$B$39=1,Engine!BN43,"") -> 0.00076923077 | S10: =IF(Engine!$B$39=1,Engine!BN44,"") -> 0.0043589744 | T10: =IF(Engine!$B$39=1,Engine!BN45,"") -> 0.024923077 | U10: =IF(Engine!$B$39=1,Engine!BN46,"") -> 0.0015384615
A11: =IF(Polls!A11="","",Polls!A11) -> Roy Morgan Sep | B11: =IF(Polls!B11="","",Polls!B11) -> Roy Morgan | C11: =IF(Polls!D11="","",Polls!D11) -> 46292 | D11: =IF(Polls!P11="","",Polls!P11) -> Y | E11: =IF(Engine!$B$48=1,Engine!BM49,"") -> 38 | F11: =IF(Engine!$B$48=1,Engine!BM50,"") -> 28 | G11: =IF(Engine!$B$48=1,Engine!BM51,"") -> 19 | H11: =IF(Engine!$B$48=1,Engine!BM52,"") -> 13 | I11: =IF(Engine!$B$48=1,Engine!BM53,"") -> 12 | J11: =IF(Engine!$B$48=1,Engine!BM54,"") -> 4 | K11: =IF(Engine!$B$48=1,Engine!BM55,"") -> 8 | L11: =Engine!G48 -> 122 | M11: =Engine!E48 -> NAT | N11: =Engine!F48 -> LAB | O11: =IF(Engine!$B$48=1,Engine!BN49,"") -> 0.0082666667 | P11: =IF(Engine!$B$48=1,Engine!BN50,"") -> 0.0006 | Q11: =IF(Engine!$B$48=1,Engine!BN51,"") -> 0.0012 | R11: =IF(Engine!$B$48=1,Engine!BN52,"") -> 0.0016 | S11: =IF(Engine!$B$48=1,Engine!BN53,"") -> 0.0033333333 | T11: =IF(Engine!$B$48=1,Engine!BN54,"") -> 0.0172 | U11: =IF(Engine!$B$48=1,Engine!BN55,"") -> 0.0052666667
A12: =IF(Polls!A12="","",Polls!A12) -> Freshwater Sep | B12: =IF(Polls!B12="","",Polls!B12) -> The Post/Freshwater Strategy | C12: =IF(Polls!D12="","",Polls!D12) -> 46276 | D12: =IF(Polls!P12="","",Polls!P12) -> Y | E12: =IF(Engine!$B$57=1,Engine!BM58,"") -> 33 | F12: =IF(Engine!$B$57=1,Engine!BM59,"") -> 34 | G12: =IF(Engine!$B$57=1,Engine!BM60,"") -> 17 | H12: =IF(Engine!$B$57=1,Engine!BM61,"") -> 11 | I12: =IF(Engine!$B$57=1,Engine!BM62,"") -> 16 | J12: =IF(Engine!$B$57=1,Engine!BM63,"") -> 4 | K12: =IF(Engine!$B$57=1,Engine!BM64,"") -> 7 | L12: =Engine!G57 -> 122 | M12: =Engine!E57 -> NAT | N12: =Engine!F57 -> LAB | O12: =IF(Engine!$B$57=1,Engine!BN58,"") -> 0.0083076923 | P12: =IF(Engine!$B$57=1,Engine!BN59,"") -> 0.0066153846 | Q12: =IF(Engine!$B$57=1,Engine!BN60,"") -> 0.0053846154 | R12: =IF(Engine!$B$57=1,Engine!BN61,"") -> 0.0055384615 | S12: =IF(Engine!$B$57=1,Engine!BN62,"") -> 0.0070769231 | T12: =IF(Engine!$B$57=1,Engine!BN63,"") -> 0.017384615 | U12: =IF(Engine!$B$57=1,Engine!BN64,"") -> 0.0023076923
A13: =IF(Polls!A13="","",Polls!A13) -> Anacta Sep | B13: =IF(Polls!B13="","",Polls!B13) -> Anacta | C13: =IF(Polls!D13="","",Polls!D13) -> 46275 | D13: =IF(Polls!P13="","",Polls!P13) -> Y | E13: =IF(Engine!$B$66=1,Engine!BM67,"") -> 36 | F13: =IF(Engine!$B$66=1,Engine!BM68,"") -> 37 | G13: =IF(Engine!$B$66=1,Engine!BM69,"") -> 15 | H13: =IF(Engine!$B$66=1,Engine!BM70,"") -> 10 | I13: =IF(Engine!$B$66=1,Engine!BM71,"") -> 12 | J13: =IF(Engine!$B$66=1,Engine!BM72,"") -> 4 | K13: =IF(Engine!$B$66=1,Engine!BM73,"") -> 8 | L13: =Engine!G66 -> 122 | M13: =Engine!E66 -> GRN | N13: =Engine!F66 -> LAB | O13: =IF(Engine!$B$66=1,Engine!BN67,"") -> 0.0020689655 | P13: =IF(Engine!$B$66=1,Engine!BN68,"") -> 0.00034482759 | Q13: =IF(Engine!$B$66=1,Engine!BN69,"") -> 0.0082758621 | R13: =IF(Engine!$B$66=1,Engine!BN70,"") -> 0.0068965517 | S13: =IF(Engine!$B$66=1,Engine!BN71,"") -> 0.0034482759 | T13: =IF(Engine!$B$66=1,Engine!BN72,"") -> 0.017241379 | U13: =IF(Engine!$B$66=1,Engine!BN73,"") -> 0.00034482759
A14: =IF(Polls!A14="","",Polls!A14) -> Curia Sep | B14: =IF(Polls!B14="","",Polls!B14) -> Taxpayers' Union–Curia | C14: =IF(Polls!D14="","",Polls!D14) -> 46268 | D14: =IF(Polls!P14="","",Polls!P14) -> Y | E14: =IF(Engine!$B$75=1,Engine!BM76,"") -> 39 | F14: =IF(Engine!$B$75=1,Engine!BM77,"") -> 34 | G14: =IF(Engine!$B$75=1,Engine!BM78,"") -> 19 | H14: =IF(Engine!$B$75=1,Engine!BM79,"") -> 14 | I14: =IF(Engine!$B$75=1,Engine!BM80,"") -> 11 | J14: =IF(Engine!$B$75=1,Engine!BM81,"") -> 4 | K14: =IF(Engine!$B$75=1,Engine!BM82,"") -> 0 | L14: =Engine!G75 -> 121 | M14: =Engine!E75 -> GRN | N14: =Engine!F75 -> LAB | O14: =IF(Engine!$B$75=1,Engine!BN76,"") -> 0.0067837838 | P14: =IF(Engine!$B$75=1,Engine!BN77,"") -> 0.00021621622 | Q14: =IF(Engine!$B$75=1,Engine!BN78,"") -> 0.0075135135 | R14: =IF(Engine!$B$75=1,Engine!BN79,"") -> 0.0039459459 | S14: =IF(Engine!$B$75=1,Engine!BN80,"") -> 0.0024054054 | T14: =IF(Engine!$B$75=1,Engine!BN81,"") -> 0.013810811 | U14: =IF(Engine!$B$75=1,Engine!BN82,"") -> 0.005
A15: =IF(Polls!A15="","",Polls!A15) -> Roy Morgan Aug | B15: =IF(Polls!B15="","",Polls!B15) -> Roy Morgan | C15: =IF(Polls!D15="","",Polls!D15) -> 46257 | D15: =IF(Polls!P15="","",Polls!P15) -> N | E15: =IF(Engine!$B$84=1,Engine!BM85,"") -> 37 | F15: =IF(Engine!$B$84=1,Engine!BM86,"") -> 29 | G15: =IF(Engine!$B$84=1,Engine!BM87,"") -> 19 | H15: =IF(Engine!$B$84=1,Engine!BM88,"") -> 13 | I15: =IF(Engine!$B$84=1,Engine!BM89,"") -> 9 | J15: =IF(Engine!$B$84=1,Engine!BM90,"") -> 4 | K15: =IF(Engine!$B$84=1,Engine!BM91,"") -> 11 | L15: =Engine!G84 -> 122 | M15: =Engine!E84 -> GRN | N15: =Engine!F84 -> NAT | O15: =IF(Engine!$B$84=1,Engine!BN85,"") -> 0.0041891892 | P15: =IF(Engine!$B$84=1,Engine!BN86,"") -> 0.0071621622 | Q15: =IF(Engine!$B$84=1,Engine!BN87,"") -> 0.0083783784 | R15: =IF(Engine!$B$84=1,Engine!BN88,"") -> 0.0081081081 | S15: =IF(Engine!$B$84=1,Engine!BN89,"") -> 0.0045945946 | T15: =IF(Engine!$B$84=1,Engine!BN90,"") -> 0.022702703 | U15: =IF(Engine!$B$84=1,Engine!BN91,"") -> 0.0013513514
A16: =IF(Polls!A16="","",Polls!A16) -> Reid Aug | B16: =IF(Polls!B16="","",Polls!B16) -> RNZ–Reid Research | C16: =IF(Polls!D16="","",Polls!D16) -> 46255 | D16: =IF(Polls!P16="","",Polls!P16) -> N | E16: =IF(Engine!$B$93=1,Engine!BM94,"") -> 35 | F16: =IF(Engine!$B$93=1,Engine!BM95,"") -> 39 | G16: =IF(Engine!$B$93=1,Engine!BM96,"") -> 12 | H16: =IF(Engine!$B$93=1,Engine!BM97,"") -> 9 | I16: =IF(Engine!$B$93=1,Engine!BM98,"") -> 15 | J16: =IF(Engine!$B$93=1,Engine!BM99,"") -> 4 | K16: =IF(Engine!$B$93=1,Engine!BM100,"") -> 6 | L16: =Engine!G93 -> 120 | M16: =Engine!E93 -> NZF | N16: =Engine!F93 -> NAT | O16: =IF(Engine!$B$93=1,Engine!BN94,"") -> 0.00034482759 | P16: =IF(Engine!$B$93=1,Engine!BN95,"") -> 0.0021724138 | Q16: =IF(Engine!$B$93=1,Engine!BN96,"") -> 0.0005862069 | R16: =IF(Engine!$B$93=1,Engine!BN97,"") -> 0.00096551724 | S16: =IF(Engine!$B$93=1,Engine!BN98,"") -> 0.0082068966 | T16: =IF(Engine!$B$93=1,Engine!BN99,"") -> 0.0069310345 | U16: =IF(Engine!$B$93=1,Engine!BN100,"") -> 0.00034482759
A17: =IF(Polls!A17="","",Polls!A17) -> Verian Aug | B17: =IF(Polls!B17="","",Polls!B17) -> 1News–Verian | C17: =IF(Polls!D17="","",Polls!D17) -> 46245 | D17: =IF(Polls!P17="","",Polls!P17) -> N | E17: =IF(Engine!$B$102=1,Engine!BM103,"") -> 36 | F17: =IF(Engine!$B$102=1,Engine!BM104,"") -> 37 | G17: =IF(Engine!$B$102=1,Engine!BM105,"") -> 15 | H17: =IF(Engine!$B$102=1,Engine!BM106,"") -> 11 | I17: =IF(Engine!$B$102=1,Engine!BM107,"") -> 10 | J17: =IF(Engine!$B$102=1,Engine!BM108,"") -> 4 | K17: =IF(Engine!$B$102=1,Engine!BM109,"") -> 10 | L17: =Engine!G102 -> 123 | M17: =Engine!E102 -> NAT | N17: =Engine!F102 -> LAB | O17: =IF(Engine!$B$102=1,Engine!BN103,"") -> 0.0081690141 | P17: =IF(Engine!$B$102=1,Engine!BN104,"") -> 0.0063380282 | Q17: =IF(Engine!$B$102=1,Engine!BN105,"") -> 0.0066197183 | R17: =IF(Engine!$B$102=1,Engine!BN106,"") -> 0.003943662 | S17: =IF(Engine!$B$102=1,Engine!BN107,"") -> 0.0057746479 | T17: =IF(Engine!$B$102=1,Engine!BN108,"") -> 0.025760563 | U17: =IF(Engine!$B$102=1,Engine!BN109,"") -> 0.0057746479
A18: =IF(Polls!A18="","",Polls!A18) -> Talbot Mills Aug | B18: =IF(Polls!B18="","",Polls!B18) -> Talbot Mills | C18: =IF(Polls!D18="","",Polls!D18) -> 46245 | D18: =IF(Polls!P18="","",Polls!P18) -> N | E18: =IF(Engine!$B$111=1,Engine!BM112,"") -> 35 | F18: =IF(Engine!$B$111=1,Engine!BM113,"") -> 41 | G18: =IF(Engine!$B$111=1,Engine!BM114,"") -> 10 | H18: =IF(Engine!$B$111=1,Engine!BM115,"") -> 8 | I18: =IF(Engine!$B$111=1,Engine!BM116,"") -> 16 | J18: =IF(Engine!$B$111=1,Engine!BM117,"") -> 4 | K18: =IF(Engine!$B$111=1,Engine!BM118,"") -> 6 | L18: =Engine!G111 -> 120 | M18: =Engine!E111 -> NZF | N18: =Engine!F111 -> ACT | O18: =IF(Engine!$B$111=1,Engine!BN112,"") -> 0.0077419355 | P18: =IF(Engine!$B$111=1,Engine!BN113,"") -> 0.0080645161 | Q18: =IF(Engine!$B$111=1,Engine!BN114,"") -> 0.0080645161 | R18: =IF(Engine!$B$111=1,Engine!BN115,"") -> 0.0012903226 | S18: =IF(Engine!$B$111=1,Engine!BN116,"") -> 0.0083870968 | T18: =IF(Engine!$B$111=1,Engine!BN117,"") -> 0.0077419355 | U18: =IF(Engine!$B$111=1,Engine!BN118,"") -> 0.002516129
A19: =IF(Polls!A19="","",Polls!A19) -> Curia Aug | B19: =IF(Polls!B19="","",Polls!B19) -> Taxpayers' Union–Curia | C19: =IF(Polls!D19="","",Polls!D19) -> 46238 | D19: =IF(Polls!P19="","",Polls!P19) -> N | E19: =IF(Engine!$B$120=1,Engine!BM121,"") -> 40 | F19: =IF(Engine!$B$120=1,Engine!BM122,"") -> 36 | G19: =IF(Engine!$B$120=1,Engine!BM123,"") -> 13 | H19: =IF(Engine!$B$120=1,Engine!BM124,"") -> 9 | I19: =IF(Engine!$B$120=1,Engine!BM125,"") -> 12 | J19: =IF(Engine!$B$120=1,Engine!BM126,"") -> 4 | K19: =IF(Engine!$B$120=1,Engine!BM127,"") -> 8 | L19: =Engine!G120 -> 122 | M19: =Engine!E120 -> LAB | N19: =Engine!F120 -> ACT | O19: =IF(Engine!$B$120=1,Engine!BN121,"") -> 0.0071549296 | P19: =IF(Engine!$B$120=1,Engine!BN122,"") -> 0.0078309859 | Q19: =IF(Engine!$B$120=1,Engine!BN123,"") -> 0.0047183099 | R19: =IF(Engine!$B$120=1,Engine!BN124,"") -> 0.0013943662 | S19: =IF(Engine!$B$120=1,Engine!BN125,"") -> 0.0068873239 | T19: =IF(Engine!$B$120=1,Engine!BN126,"") -> 0.020239437 | U19: =IF(Engine!$B$120=1,Engine!BN127,"") -> 0.0055633803
A20: =IF(Polls!A20="","",Polls!A20) | B20: =IF(Polls!B20="","",Polls!B20) | C20: =IF(Polls!D20="","",Polls!D20) | D20: =IF(Polls!P20="","",Polls!P20) | E20: =IF(Engine!$B$129=1,Engine!BM130,"") -> 34 | F20: =IF(Engine!$B$129=1,Engine!BM131,"") -> 34 | G20: =IF(Engine!$B$129=1,Engine!BM132,"") -> 18 | H20: =IF(Engine!$B$129=1,Engine!BM133,"") -> 12 | I20: =IF(Engine!$B$129=1,Engine!BM134,"") -> 13 | J20: =IF(Engine!$B$129=1,Engine!BM135,"") -> 4 | K20: =IF(Engine!$B$129=1,Engine!BM136,"") -> 7 | L20: =Engine!G129 -> 122 | M20: =Engine!E129 -> NZF | N20: =Engine!F129 -> NAT | O20: =IF(Engine!$B$129=1,Engine!BN130,"") -> 0.00031111111 | P20: =IF(Engine!$B$129=1,Engine!BN131,"") -> 0.0058666667 | Q20: =IF(Engine!$B$129=1,Engine!BN132,"") -> 0.0073777778 | R20: =IF(Engine!$B$129=1,Engine!BN133,"") -> 0.007 | S20: =IF(Engine!$B$129=1,Engine!BN134,"") -> 0.0082666667 | T20: =IF(Engine!$B$129=1,Engine!BN135,"") -> 0.0227 | U20: =IF(Engine!$B$129=1,Engine!BN136,"") -> 0.00055555556
A21: =IF(Polls!A21="","",Polls!A21) | B21: =IF(Polls!B21="","",Polls!B21) | C21: =IF(Polls!D21="","",Polls!D21) | D21: =IF(Polls!P21="","",Polls!P21) | E21: =IF(Engine!$B$138=1,Engine!BM139,"") -> 34 | F21: =IF(Engine!$B$138=1,Engine!BM140,"") -> 34 | G21: =IF(Engine!$B$138=1,Engine!BM141,"") -> 18 | H21: =IF(Engine!$B$138=1,Engine!BM142,"") -> 12 | I21: =IF(Engine!$B$138=1,Engine!BM143,"") -> 13 | J21: =IF(Engine!$B$138=1,Engine!BM144,"") -> 4 | K21: =IF(Engine!$B$138=1,Engine!BM145,"") -> 7 | L21: =Engine!G138 -> 122 | M21: =Engine!E138 -> NZF | N21: =Engine!F138 -> NAT | O21: =IF(Engine!$B$138=1,Engine!BN139,"") -> 0.00031111111 | P21: =IF(Engine!$B$138=1,Engine!BN140,"") -> 0.0058666667 | Q21: =IF(Engine!$B$138=1,Engine!BN141,"") -> 0.0073777778 | R21: =IF(Engine!$B$138=1,Engine!BN142,"") -> 0.007 | S21: =IF(Engine!$B$138=1,Engine!BN143,"") -> 0.0082666667 | T21: =IF(Engine!$B$138=1,Engine!BN144,"") -> 0.0227 | U21: =IF(Engine!$B$138=1,Engine!BN145,"") -> 0.00055555556
A22: =IF(Polls!A22="","",Polls!A22) | B22: =IF(Polls!B22="","",Polls!B22) | C22: =IF(Polls!D22="","",Polls!D22) | D22: =IF(Polls!P22="","",Polls!P22) | E22: =IF(Engine!$B$147=1,Engine!BM148,"") -> 34 | F22: =IF(Engine!$B$147=1,Engine!BM149,"") -> 34 | G22: =IF(Engine!$B$147=1,Engine!BM150,"") -> 18 | H22: =IF(Engine!$B$147=1,Engine!BM151,"") -> 12 | I22: =IF(Engine!$B$147=1,Engine!BM152,"") -> 13 | J22: =IF(Engine!$B$147=1,Engine!BM153,"") -> 4 | K22: =IF(Engine!$B$147=1,Engine!BM154,"") -> 7 | L22: =Engine!G147 -> 122 | M22: =Engine!E147 -> NZF | N22: =Engine!F147 -> NAT | O22: =IF(Engine!$B$147=1,Engine!BN148,"") -> 0.00031111111 | P22: =IF(Engine!$B$147=1,Engine!BN149,"") -> 0.0058666667 | Q22: =IF(Engine!$B$147=1,Engine!BN150,"") -> 0.0073777778 | R22: =IF(Engine!$B$147=1,Engine!BN151,"") -> 0.007 | S22: =IF(Engine!$B$147=1,Engine!BN152,"") -> 0.0082666667 | T22: =IF(Engine!$B$147=1,Engine!BN153,"") -> 0.0227 | U22: =IF(Engine!$B$147=1,Engine!BN154,"") -> 0.00055555556
A23: =IF(Polls!A23="","",Polls!A23) | B23: =IF(Polls!B23="","",Polls!B23) | C23: =IF(Polls!D23="","",Polls!D23) | D23: =IF(Polls!P23="","",Polls!P23) | E23: =IF(Engine!$B$156=1,Engine!BM157,"") -> 34 | F23: =IF(Engine!$B$156=1,Engine!BM158,"") -> 34 | G23: =IF(Engine!$B$156=1,Engine!BM159,"") -> 18 | H23: =IF(Engine!$B$156=1,Engine!BM160,"") -> 12 | I23: =IF(Engine!$B$156=1,Engine!BM161,"") -> 13 | J23: =IF(Engine!$B$156=1,Engine!BM162,"") -> 4 | K23: =IF(Engine!$B$156=1,Engine!BM163,"") -> 7 | L23: =Engine!G156 -> 122 | M23: =Engine!E156 -> NZF | N23: =Engine!F156 -> NAT | O23: =IF(Engine!$B$156=1,Engine!BN157,"") -> 0.00031111111 | P23: =IF(Engine!$B$156=1,Engine!BN158,"") -> 0.0058666667 | Q23: =IF(Engine!$B$156=1,Engine!BN159,"") -> 0.0073777778 | R23: =IF(Engine!$B$156=1,Engine!BN160,"") -> 0.007 | S23: =IF(Engine!$B$156=1,Engine!BN161,"") -> 0.0082666667 | T23: =IF(Engine!$B$156=1,Engine!BN162,"") -> 0.0227 | U23: =IF(Engine!$B$156=1,Engine!BN163,"") -> 0.00055555556
A24: =IF(Polls!A24="","",Polls!A24) | B24: =IF(Polls!B24="","",Polls!B24) | C24: =IF(Polls!D24="","",Polls!D24) | D24: =IF(Polls!P24="","",Polls!P24) | E24: =IF(Engine!$B$165=1,Engine!BM166,"") -> 34 | F24: =IF(Engine!$B$165=1,Engine!BM167,"") -> 34 | G24: =IF(Engine!$B$165=1,Engine!BM168,"") -> 18 | H24: =IF(Engine!$B$165=1,Engine!BM169,"") -> 12 | I24: =IF(Engine!$B$165=1,Engine!BM170,"") -> 13 | J24: =IF(Engine!$B$165=1,Engine!BM171,"") -> 4 | K24: =IF(Engine!$B$165=1,Engine!BM172,"") -> 7 | L24: =Engine!G165 -> 122 | M24: =Engine!E165 -> NZF | N24: =Engine!F165 -> NAT | O24: =IF(Engine!$B$165=1,Engine!BN166,"") -> 0.00031111111 | P24: =IF(Engine!$B$165=1,Engine!BN167,"") -> 0.0058666667 | Q24: =IF(Engine!$B$165=1,Engine!BN168,"") -> 0.0073777778 | R24: =IF(Engine!$B$165=1,Engine!BN169,"") -> 0.007 | S24: =IF(Engine!$B$165=1,Engine!BN170,"") -> 0.0082666667 | T24: =IF(Engine!$B$165=1,Engine!BN171,"") -> 0.0227 | U24: =IF(Engine!$B$165=1,Engine!BN172,"") -> 0.00055555556
A25: =IF(Polls!A25="","",Polls!A25) | B25: =IF(Polls!B25="","",Polls!B25) | C25: =IF(Polls!D25="","",Polls!D25) | D25: =IF(Polls!P25="","",Polls!P25) | E25: =IF(Engine!$B$174=1,Engine!BM175,"") -> 34 | F25: =IF(Engine!$B$174=1,Engine!BM176,"") -> 34 | G25: =IF(Engine!$B$174=1,Engine!BM177,"") -> 18 | H25: =IF(Engine!$B$174=1,Engine!BM178,"") -> 12 | I25: =IF(Engine!$B$174=1,Engine!BM179,"") -> 13 | J25: =IF(Engine!$B$174=1,Engine!BM180,"") -> 4 | K25: =IF(Engine!$B$174=1,Engine!BM181,"") -> 7 | L25: =Engine!G174 -> 122 | M25: =Engine!E174 -> NZF | N25: =Engine!F174 -> NAT | O25: =IF(Engine!$B$174=1,Engine!BN175,"") -> 0.00031111111 | P25: =IF(Engine!$B$174=1,Engine!BN176,"") -> 0.0058666667 | Q25: =IF(Engine!$B$174=1,Engine!BN177,"") -> 0.0073777778 | R25: =IF(Engine!$B$174=1,Engine!BN178,"") -> 0.007 | S25: =IF(Engine!$B$174=1,Engine!BN179,"") -> 0.0082666667 | T25: =IF(Engine!$B$174=1,Engine!BN180,"") -> 0.0227 | U25: =IF(Engine!$B$174=1,Engine!BN181,"") -> 0.00055555556
A26: =IF(Polls!A26="","",Polls!A26) | B26: =IF(Polls!B26="","",Polls!B26) | C26: =IF(Polls!D26="","",Polls!D26) | D26: =IF(Polls!P26="","",Polls!P26) | E26: =IF(Engine!$B$183=1,Engine!BM184,"") -> 34 | F26: =IF(Engine!$B$183=1,Engine!BM185,"") -> 34 | G26: =IF(Engine!$B$183=1,Engine!BM186,"") -> 18 | H26: =IF(Engine!$B$183=1,Engine!BM187,"") -> 12 | I26: =IF(Engine!$B$183=1,Engine!BM188,"") -> 13 | J26: =IF(Engine!$B$183=1,Engine!BM189,"") -> 4 | K26: =IF(Engine!$B$183=1,Engine!BM190,"") -> 7 | L26: =Engine!G183 -> 122 | M26: =Engine!E183 -> NZF | N26: =Engine!F183 -> NAT | O26: =IF(Engine!$B$183=1,Engine!BN184,"") -> 0.00031111111 | P26: =IF(Engine!$B$183=1,Engine!BN185,"") -> 0.0058666667 | Q26: =IF(Engine!$B$183=1,Engine!BN186,"") -> 0.0073777778 | R26: =IF(Engine!$B$183=1,Engine!BN187,"") -> 0.007 | S26: =IF(Engine!$B$183=1,Engine!BN188,"") -> 0.0082666667 | T26: =IF(Engine!$B$183=1,Engine!BN189,"") -> 0.0227 | U26: =IF(Engine!$B$183=1,Engine!BN190,"") -> 0.00055555556
A27: =IF(Polls!A27="","",Polls!A27) | B27: =IF(Polls!B27="","",Polls!B27) | C27: =IF(Polls!D27="","",Polls!D27) | D27: =IF(Polls!P27="","",Polls!P27) | E27: =IF(Engine!$B$192=1,Engine!BM193,"") -> 34 | F27: =IF(Engine!$B$192=1,Engine!BM194,"") -> 34 | G27: =IF(Engine!$B$192=1,Engine!BM195,"") -> 18 | H27: =IF(Engine!$B$192=1,Engine!BM196,"") -> 12 | I27: =IF(Engine!$B$192=1,Engine!BM197,"") -> 13 | J27: =IF(Engine!$B$192=1,Engine!BM198,"") -> 4 | K27: =IF(Engine!$B$192=1,Engine!BM199,"") -> 7 | L27: =Engine!G192 -> 122 | M27: =Engine!E192 -> NZF | N27: =Engine!F192 -> NAT | O27: =IF(Engine!$B$192=1,Engine!BN193,"") -> 0.00031111111 | P27: =IF(Engine!$B$192=1,Engine!BN194,"") -> 0.0058666667 | Q27: =IF(Engine!$B$192=1,Engine!BN195,"") -> 0.0073777778 | R27: =IF(Engine!$B$192=1,Engine!BN196,"") -> 0.007 | S27: =IF(Engine!$B$192=1,Engine!BN197,"") -> 0.0082666667 | T27: =IF(Engine!$B$192=1,Engine!BN198,"") -> 0.0227 | U27: =IF(Engine!$B$192=1,Engine!BN199,"") -> 0.00055555556
A28: =IF(Polls!A28="","",Polls!A28) | B28: =IF(Polls!B28="","",Polls!B28) | C28: =IF(Polls!D28="","",Polls!D28) | D28: =IF(Polls!P28="","",Polls!P28) | E28: =IF(Engine!$B$201=1,Engine!BM202,"") -> 34 | F28: =IF(Engine!$B$201=1,Engine!BM203,"") -> 34 | G28: =IF(Engine!$B$201=1,Engine!BM204,"") -> 18 | H28: =IF(Engine!$B$201=1,Engine!BM205,"") -> 12 | I28: =IF(Engine!$B$201=1,Engine!BM206,"") -> 13 | J28: =IF(Engine!$B$201=1,Engine!BM207,"") -> 4 | K28: =IF(Engine!$B$201=1,Engine!BM208,"") -> 7 | L28: =Engine!G201 -> 122 | M28: =Engine!E201 -> NZF | N28: =Engine!F201 -> NAT | O28: =IF(Engine!$B$201=1,Engine!BN202,"") -> 0.00031111111 | P28: =IF(Engine!$B$201=1,Engine!BN203,"") -> 0.0058666667 | Q28: =IF(Engine!$B$201=1,Engine!BN204,"") -> 0.0073777778 | R28: =IF(Engine!$B$201=1,Engine!BN205,"") -> 0.007 | S28: =IF(Engine!$B$201=1,Engine!BN206,"") -> 0.0082666667 | T28: =IF(Engine!$B$201=1,Engine!BN207,"") -> 0.0227 | U28: =IF(Engine!$B$201=1,Engine!BN208,"") -> 0.00055555556
A29: =IF(Polls!A29="","",Polls!A29) | B29: =IF(Polls!B29="","",Polls!B29) | C29: =IF(Polls!D29="","",Polls!D29) | D29: =IF(Polls!P29="","",Polls!P29) | E29: =IF(Engine!$B$210=1,Engine!BM211,"") -> 34 | F29: =IF(Engine!$B$210=1,Engine!BM212,"") -> 34 | G29: =IF(Engine!$B$210=1,Engine!BM213,"") -> 18 | H29: =IF(Engine!$B$210=1,Engine!BM214,"") -> 12 | I29: =IF(Engine!$B$210=1,Engine!BM215,"") -> 13 | J29: =IF(Engine!$B$210=1,Engine!BM216,"") -> 4 | K29: =IF(Engine!$B$210=1,Engine!BM217,"") -> 7 | L29: =Engine!G210 -> 122 | M29: =Engine!E210 -> NZF | N29: =Engine!F210 -> NAT | O29: =IF(Engine!$B$210=1,Engine!BN211,"") -> 0.00031111111 | P29: =IF(Engine!$B$210=1,Engine!BN212,"") -> 0.0058666667 | Q29: =IF(Engine!$B$210=1,Engine!BN213,"") -> 0.0073777778 | R29: =IF(Engine!$B$210=1,Engine!BN214,"") -> 0.007 | S29: =IF(Engine!$B$210=1,Engine!BN215,"") -> 0.0082666667 | T29: =IF(Engine!$B$210=1,Engine!BN216,"") -> 0.0227 | U29: =IF(Engine!$B$210=1,Engine!BN217,"") -> 0.00055555556
A30: =IF(Polls!A30="","",Polls!A30) | B30: =IF(Polls!B30="","",Polls!B30) | C30: =IF(Polls!D30="","",Polls!D30) | D30: =IF(Polls!P30="","",Polls!P30) | E30: =IF(Engine!$B$219=1,Engine!BM220,"") -> 34 | F30: =IF(Engine!$B$219=1,Engine!BM221,"") -> 34 | G30: =IF(Engine!$B$219=1,Engine!BM222,"") -> 18 | H30: =IF(Engine!$B$219=1,Engine!BM223,"") -> 12 | I30: =IF(Engine!$B$219=1,Engine!BM224,"") -> 13 | J30: =IF(Engine!$B$219=1,Engine!BM225,"") -> 4 | K30: =IF(Engine!$B$219=1,Engine!BM226,"") -> 7 | L30: =Engine!G219 -> 122 | M30: =Engine!E219 -> NZF | N30: =Engine!F219 -> NAT | O30: =IF(Engine!$B$219=1,Engine!BN220,"") -> 0.00031111111 | P30: =IF(Engine!$B$219=1,Engine!BN221,"") -> 0.0058666667 | Q30: =IF(Engine!$B$219=1,Engine!BN222,"") -> 0.0073777778 | R30: =IF(Engine!$B$219=1,Engine!BN223,"") -> 0.007 | S30: =IF(Engine!$B$219=1,Engine!BN224,"") -> 0.0082666667 | T30: =IF(Engine!$B$219=1,Engine!BN225,"") -> 0.0227 | U30: =IF(Engine!$B$219=1,Engine!BN226,"") -> 0.00055555556
A31: =IF(Polls!A31="","",Polls!A31) | B31: =IF(Polls!B31="","",Polls!B31) | C31: =IF(Polls!D31="","",Polls!D31) | D31: =IF(Polls!P31="","",Polls!P31) | E31: =IF(Engine!$B$228=1,Engine!BM229,"") -> 34 | F31: =IF(Engine!$B$228=1,Engine!BM230,"") -> 34 | G31: =IF(Engine!$B$228=1,Engine!BM231,"") -> 18 | H31: =IF(Engine!$B$228=1,Engine!BM232,"") -> 12 | I31: =IF(Engine!$B$228=1,Engine!BM233,"") -> 13 | J31: =IF(Engine!$B$228=1,Engine!BM234,"") -> 4 | K31: =IF(Engine!$B$228=1,Engine!BM235,"") -> 7 | L31: =Engine!G228 -> 122 | M31: =Engine!E228 -> NZF | N31: =Engine!F228 -> NAT | O31: =IF(Engine!$B$228=1,Engine!BN229,"") -> 0.00031111111 | P31: =IF(Engine!$B$228=1,Engine!BN230,"") -> 0.0058666667 | Q31: =IF(Engine!$B$228=1,Engine!BN231,"") -> 0.0073777778 | R31: =IF(Engine!$B$228=1,Engine!BN232,"") -> 0.007 | S31: =IF(Engine!$B$228=1,Engine!BN233,"") -> 0.0082666667 | T31: =IF(Engine!$B$228=1,Engine!BN234,"") -> 0.0227 | U31: =IF(Engine!$B$228=1,Engine!BN235,"") -> 0.00055555556
A32: =IF(Polls!A32="","",Polls!A32) | B32: =IF(Polls!B32="","",Polls!B32) | C32: =IF(Polls!D32="","",Polls!D32) | D32: =IF(Polls!P32="","",Polls!P32) | E32: =IF(Engine!$B$237=1,Engine!BM238,"") -> 34 | F32: =IF(Engine!$B$237=1,Engine!BM239,"") -> 34 | G32: =IF(Engine!$B$237=1,Engine!BM240,"") -> 18 | H32: =IF(Engine!$B$237=1,Engine!BM241,"") -> 12 | I32: =IF(Engine!$B$237=1,Engine!BM242,"") -> 13 | J32: =IF(Engine!$B$237=1,Engine!BM243,"") -> 4 | K32: =IF(Engine!$B$237=1,Engine!BM244,"") -> 7 | L32: =Engine!G237 -> 122 | M32: =Engine!E237 -> NZF | N32: =Engine!F237 -> NAT | O32: =IF(Engine!$B$237=1,Engine!BN238,"") -> 0.00031111111 | P32: =IF(Engine!$B$237=1,Engine!BN239,"") -> 0.0058666667 | Q32: =IF(Engine!$B$237=1,Engine!BN240,"") -> 0.0073777778 | R32: =IF(Engine!$B$237=1,Engine!BN241,"") -> 0.007 | S32: =IF(Engine!$B$237=1,Engine!BN242,"") -> 0.0082666667 | T32: =IF(Engine!$B$237=1,Engine!BN243,"") -> 0.0227 | U32: =IF(Engine!$B$237=1,Engine!BN244,"") -> 0.00055555556
A33: =IF(Polls!A33="","",Polls!A33) | B33: =IF(Polls!B33="","",Polls!B33) | C33: =IF(Polls!D33="","",Polls!D33) | D33: =IF(Polls!P33="","",Polls!P33) | E33: =IF(Engine!$B$246=1,Engine!BM247,"") -> 34 | F33: =IF(Engine!$B$246=1,Engine!BM248,"") -> 34 | G33: =IF(Engine!$B$246=1,Engine!BM249,"") -> 18 | H33: =IF(Engine!$B$246=1,Engine!BM250,"") -> 12 | I33: =IF(Engine!$B$246=1,Engine!BM251,"") -> 13 | J33: =IF(Engine!$B$246=1,Engine!BM252,"") -> 4 | K33: =IF(Engine!$B$246=1,Engine!BM253,"") -> 7 | L33: =Engine!G246 -> 122 | M33: =Engine!E246 -> NZF | N33: =Engine!F246 -> NAT | O33: =IF(Engine!$B$246=1,Engine!BN247,"") -> 0.00031111111 | P33: =IF(Engine!$B$246=1,Engine!BN248,"") -> 0.0058666667 | Q33: =IF(Engine!$B$246=1,Engine!BN249,"") -> 0.0073777778 | R33: =IF(Engine!$B$246=1,Engine!BN250,"") -> 0.007 | S33: =IF(Engine!$B$246=1,Engine!BN251,"") -> 0.0082666667 | T33: =IF(Engine!$B$246=1,Engine!BN252,"") -> 0.0227 | U33: =IF(Engine!$B$246=1,Engine!BN253,"") -> 0.00055555556
A34: =IF(Polls!A34="","",Polls!A34) | B34: =IF(Polls!B34="","",Polls!B34) | C34: =IF(Polls!D34="","",Polls!D34) | D34: =IF(Polls!P34="","",Polls!P34) | E34: =IF(Engine!$B$255=1,Engine!BM256,"") -> 34 | F34: =IF(Engine!$B$255=1,Engine!BM257,"") -> 34 | G34: =IF(Engine!$B$255=1,Engine!BM258,"") -> 18 | H34: =IF(Engine!$B$255=1,Engine!BM259,"") -> 12 | I34: =IF(Engine!$B$255=1,Engine!BM260,"") -> 13 | J34: =IF(Engine!$B$255=1,Engine!BM261,"") -> 4 | K34: =IF(Engine!$B$255=1,Engine!BM262,"") -> 7 | L34: =Engine!G255 -> 122 | M34: =Engine!E255 -> NZF | N34: =Engine!F255 -> NAT | O34: =IF(Engine!$B$255=1,Engine!BN256,"") -> 0.00031111111 | P34: =IF(Engine!$B$255=1,Engine!BN257,"") -> 0.0058666667 | Q34: =IF(Engine!$B$255=1,Engine!BN258,"") -> 0.0073777778 | R34: =IF(Engine!$B$255=1,Engine!BN259,"") -> 0.007 | S34: =IF(Engine!$B$255=1,Engine!BN260,"") -> 0.0082666667 | T34: =IF(Engine!$B$255=1,Engine!BN261,"") -> 0.0227 | U34: =IF(Engine!$B$255=1,Engine!BN262,"") -> 0.00055555556
A35: =IF(Polls!A35="","",Polls!A35) | B35: =IF(Polls!B35="","",Polls!B35) | C35: =IF(Polls!D35="","",Polls!D35) | D35: =IF(Polls!P35="","",Polls!P35) | E35: =IF(Engine!$B$264=1,Engine!BM265,"") -> 34 | F35: =IF(Engine!$B$264=1,Engine!BM266,"") -> 34 | G35: =IF(Engine!$B$264=1,Engine!BM267,"") -> 18 | H35: =IF(Engine!$B$264=1,Engine!BM268,"") -> 12 | I35: =IF(Engine!$B$264=1,Engine!BM269,"") -> 13 | J35: =IF(Engine!$B$264=1,Engine!BM270,"") -> 4 | K35: =IF(Engine!$B$264=1,Engine!BM271,"") -> 7 | L35: =Engine!G264 -> 122 | M35: =Engine!E264 -> NZF | N35: =Engine!F264 -> NAT | O35: =IF(Engine!$B$264=1,Engine!BN265,"") -> 0.00031111111 | P35: =IF(Engine!$B$264=1,Engine!BN266,"") -> 0.0058666667 | Q35: =IF(Engine!$B$264=1,Engine!BN267,"") -> 0.0073777778 | R35: =IF(Engine!$B$264=1,Engine!BN268,"") -> 0.007 | S35: =IF(Engine!$B$264=1,Engine!BN269,"") -> 0.0082666667 | T35: =IF(Engine!$B$264=1,Engine!BN270,"") -> 0.0227 | U35: =IF(Engine!$B$264=1,Engine!BN271,"") -> 0.00055555556
A38: Summary across INCLUDED polls
A39: Party | B39: Code | C39: Avg seats | D39: Avg gap to next seat (pp) | E39: # polls 'close' (gap ≤ Settings) | F39: # polls next in line | G39: # polls below threshold | H39: Share of polls next in line
A40: National | B40: NAT | C40: =IFERROR(AVERAGEIFS(E$6:E$35,$D$6:$D$35,"Y"),"") -> 35.333333 | D40: =IFERROR(AVERAGEIFS(O$6:O$35,$D$6:$D$35,"Y"),"") -> 0.0063470512 | E40: =COUNTIFS($D$6:$D$35,"Y",O$6:O$35,"<="&Settings!$B$8,E$6:E$35,">0") -> 2 | F40: =COUNTIFS($D$6:$D$35,"Y",$N$6:$N$35,B40) -> 1 | G40: =COUNTIFS($D$6:$D$35,"Y",E$6:E$35,0) -> 0 | H40: =IFERROR(F40/COUNTIF($D$6:$D$35,"Y"),"") -> 0.11111111
A41: Labour | B41: LAB | C41: =IFERROR(AVERAGEIFS(F$6:F$35,$D$6:$D$35,"Y"),"") -> 34.222222 | D41: =IFERROR(AVERAGEIFS(P$6:P$35,$D$6:$D$35,"Y"),"") -> 0.0031648609 | E41: =COUNTIFS($D$6:$D$35,"Y",P$6:P$35,"<="&Settings!$B$8,F$6:F$35,">0") -> 6 | F41: =COUNTIFS($D$6:$D$35,"Y",$N$6:$N$35,B41) -> 6 | G41: =COUNTIFS($D$6:$D$35,"Y",F$6:F$35,0) -> 0 | H41: =IFERROR(F41/COUNTIF($D$6:$D$35,"Y"),"") -> 0.66666667
A42: Green | B42: GRN | C42: =IFERROR(AVERAGEIFS(G$6:G$35,$D$6:$D$35,"Y"),"") -> 18 | D42: =IFERROR(AVERAGEIFS(Q$6:Q$35,$D$6:$D$35,"Y"),"") -> 0.0049762268 | E42: =COUNTIFS($D$6:$D$35,"Y",Q$6:Q$35,"<="&Settings!$B$8,G$6:G$35,">0") -> 5 | F42: =COUNTIFS($D$6:$D$35,"Y",$N$6:$N$35,B42) -> 0 | G42: =COUNTIFS($D$6:$D$35,"Y",G$6:G$35,0) -> 0 | H42: =IFERROR(F42/COUNTIF($D$6:$D$35,"Y"),"") -> 0
A43: ACT | B43: ACT | C43: =IFERROR(AVERAGEIFS(H$6:H$35,$D$6:$D$35,"Y"),"") -> 11.888889 | D43: =IFERROR(AVERAGEIFS(R$6:R$35,$D$6:$D$35,"Y"),"") -> 0.0042974393 | E43: =COUNTIFS($D$6:$D$35,"Y",R$6:R$35,"<="&Settings!$B$8,H$6:H$35,">0") -> 6 | F43: =COUNTIFS($D$6:$D$35,"Y",$N$6:$N$35,B43) -> 1 | G43: =COUNTIFS($D$6:$D$35,"Y",H$6:H$35,0) -> 0 | H43: =IFERROR(F43/COUNTIF($D$6:$D$35,"Y"),"") -> 0.11111111
A44: NZ First | B44: NZF | C44: =IFERROR(AVERAGEIFS(I$6:I$35,$D$6:$D$35,"Y"),"") -> 12.777778 | D44: =IFERROR(AVERAGEIFS(S$6:S$35,$D$6:$D$35,"Y"),"") -> 0.0047022302 | E44: =COUNTIFS($D$6:$D$35,"Y",S$6:S$35,"<="&Settings!$B$8,I$6:I$35,">0") -> 7 | F44: =COUNTIFS($D$6:$D$35,"Y",$N$6:$N$35,B44) -> 0 | G44: =COUNTIFS($D$6:$D$35,"Y",I$6:I$35,0) -> 0 | H44: =IFERROR(F44/COUNTIF($D$6:$D$35,"Y"),"") -> 0
A45: Te Pāti Māori | B45: TPM | C45: =IFERROR(AVERAGEIFS(J$6:J$35,$D$6:$D$35,"Y"),"") -> 4 | D45: =IFERROR(AVERAGEIFS(T$6:T$35,$D$6:$D$35,"Y"),"") -> 0.022124719 | E45: =COUNTIFS($D$6:$D$35,"Y",T$6:T$35,"<="&Settings!$B$8,J$6:J$35,">0") -> 0 | F45: =COUNTIFS($D$6:$D$35,"Y",$N$6:$N$35,B45) -> 0 | G45: =COUNTIFS($D$6:$D$35,"Y",J$6:J$35,0) -> 0 | H45: =IFERROR(F45/COUNTIF($D$6:$D$35,"Y"),"") -> 0
A46: Opportunity | B46: OPP | C46: =IFERROR(AVERAGEIFS(K$6:K$35,$D$6:$D$35,"Y"),"") -> 6.1111111 | D46: =IFERROR(AVERAGEIFS(U$6:U$35,$D$6:$D$35,"Y"),"") -> 0.0035478094 | E46: =COUNTIFS($D$6:$D$35,"Y",U$6:U$35,"<="&Settings!$B$8,K$6:K$35,">0") -> 4 | F46: =COUNTIFS($D$6:$D$35,"Y",$N$6:$N$35,B46) -> 1 | G46: =COUNTIFS($D$6:$D$35,"Y",K$6:K$35,0) -> 2 | H46: =IFERROR(F46/COUNTIF($D$6:$D$35,"Y"),"") -> 0.11111111
A48: Reading it: 'next in line' = the party whose next seat would be the 121st allocated. A party that is often next in line is where a marginal party vote most often matters.

Sheet Polls
A1: Poll tracker — party vote
A2: Add new polls in the blank rows (blue). Shares as % of decided party vote. Leave a party blank if not reported. Set Include = Y to use the poll in the average.
A3: Example row format: ID 'Curia Oct' | Pollster picked from list | '1–5 Oct 2026' | end date | sample | shares like 28.5%.
A5: Poll ID | B5: Pollster | C5: Fieldwork | D5: Fieldwork end | E5: Method (auto) | F5: Sample size | G5: Margin of error (±, 95%) | H5: NAT | I5: LAB | J5: GRN | K5: ACT | L5: NZF | M5: TPM | N5: OPP | O5: Others / unreported | P5: Include in average? (Y/N) | Q5: Source / notes
A6: Verian 12 Oct | B6: 1News–Verian | C6: 8–12 Oct 2026 | D6: 46307 | E6: =IF(B6="","",IFERROR(INDEX('Pollster Methods'!$C$5:$C$20,MATCH(B6,'Pollster Methods'!$A$5:$A$20,0)),"Not listed")) -> Half mobile phone (random dialling), half online panels | F6: 1007 | G6: =IF(N(F6)=0,"",1.96*SQRT(0.25/F6)) -> 0.030882421 | H6: 0.28 | I6: 0.28 | J6: 0.15 | K6: 0.1 | L6: 0.1 | M6: 0.004 | N6: 0.08 | O6: =IF(COUNT(H6:N6)=0,"",MAX(0,1-SUM(H6:N6))) -> 0.006 | P6: Y | Q6: 1News / RNZ, 13 Oct 2026
A7: Curia Oct | B7: Taxpayers' Union–Curia | C7: 1–5 Oct 2026 | D7: 46300 | E7: =IF(B7="","",IFERROR(INDEX('Pollster Methods'!$C$5:$C$20,MATCH(B7,'Pollster Methods'!$A$5:$A$20,0)),"Not listed")) -> Phone (landline & mobile) + online | F7: 1000 | G7: =IF(N(F7)=0,"",1.96*SQRT(0.25/F7)) -> 0.030990321 | H7: 0.285 | I7: 0.282 | J7: 0.133 | K7: 0.092 | L7: 0.12 | M7: 0.014 | N7: 0.048 | O7: =IF(COUNT(H7:N7)=0,"",MAX(0,1-SUM(H7:N7))) -> 0.026 | P7: Y | Q7: interest.co.nz, 9 Oct 2026; TPM from NZ Herald
A8: Verian 5 Oct | B8: 1News–Verian | C8: 1–5 Oct 2026 | D8: 46300 | E8: =IF(B8="","",IFERROR(INDEX('Pollster Methods'!$C$5:$C$20,MATCH(B8,'Pollster Methods'!$A$5:$A$20,0)),"Not listed")) -> Half mobile phone (random dialling), half online panels | F8: 1001 | G8: =IF(N(F8)=0,"",1.96*SQRT(0.25/F8)) -> 0.030974838 | H8: 0.29 | I8: 0.28 | J8: 0.16 | K8: 0.09 | L8: 0.1 | M8: 0.006 | N8: 0.07 | O8: =IF(COUNT(H8:N8)=0,"",MAX(0,1-SUM(H8:N8))) -> 0.004 | P8: Y | Q8: NZ Herald / The Conversation, 6 Oct 2026
A9: Reid Oct | B9: RNZ–Reid Research | C9: 24 Sep–1 Oct 2026 | D9: 46296 | E9: =IF(B9="","",IFERROR(INDEX('Pollster Methods'!$C$5:$C$20,MATCH(B9,'Pollster Methods'!$A$5:$A$20,0)),"Not listed")) -> Online | F9: 1000 | G9: =IF(N(F9)=0,"",1.96*SQRT(0.25/F9)) -> 0.030990321 | H9: 0.259 | I9: 0.308 | J9: 0.148 | K9: 0.09 | L9: 0.106 | N9: 0.055 | O9: =IF(COUNT(H9:N9)=0,"",MAX(0,1-SUM(H9:N9))) -> 0.034 | P9: Y | Q9: RNZ, 6 Oct 2026. TPM not reported in source.
A10: Verian 27 Sep | B10: 1News–Verian | C10: 23–27 Sep 2026 | D10: 46292 | E10: =IF(B10="","",IFERROR(INDEX('Pollster Methods'!$C$5:$C$20,MATCH(B10,'Pollster Methods'!$A$5:$A$20,0)),"Not listed")) -> Half mobile phone (random dialling), half online panels | F10: 1004 | G10: =IF(N(F10)=0,"",1.96*SQRT(0.25/F10)) -> 0.030928526 | H10: 0.28 | I10: 0.28 | J10: 0.16 | K10: 0.11 | L10: 0.09 | M10: 0.012 | N10: 0.06 | O10: =IF(COUNT(H10:N10)=0,"",MAX(0,1-SUM(H10:N10))) -> 0.008 | P10: Y | Q10: Wikipedia polling table
A11: Roy Morgan Sep | B11: Roy Morgan | C11: 31 Aug–27 Sep 2026 | D11: 46292 | E11: =IF(B11="","",IFERROR(INDEX('Pollster Methods'!$C$5:$C$20,MATCH(B11,'Pollster Methods'!$A$5:$A$20,0)),"Not listed")) -> Phone (landline & mobile) | F11: 859 | G11: =IF(N(F11)=0,"",1.96*SQRT(0.25/F11)) -> 0.033437169 | H11: 0.31 | I11: 0.235 | J11: 0.16 | K11: 0.11 | L11: 0.1 | M11: 0.02 | N11: 0.065 | O11: =IF(COUNT(H11:N11)=0,"",MAX(0,1-SUM(H11:N11))) -> 0 | P11: Y | Q11: roymorgan.com / Wikipedia polling table
A12: Freshwater Sep | B12: The Post/Freshwater Strategy | C12: 4–11 Sep 2026 | D12: 46276 | E12: =IF(B12="","",IFERROR(INDEX('Pollster Methods'!$C$5:$C$20,MATCH(B12,'Pollster Methods'!$A$5:$A$20,0)),"Not listed")) -> Online panel | F12: 1011 | G12: =IF(N(F12)=0,"",1.96*SQRT(0.25/F12)) -> 0.030821268 | H12: 0.27 | I12: 0.28 | J12: 0.14 | K12: 0.09 | L12: 0.13 | M12: 0.02 | N12: 0.06 | O12: =IF(COUNT(H12:N12)=0,"",MAX(0,1-SUM(H12:N12))) -> 0.01 | P12: Y | Q12: Wikipedia polling table
A13: Anacta Sep | B13: Anacta | C13: 4–10 Sep 2026 | D13: 46275 | E13: =IF(B13="","",IFERROR(INDEX('Pollster Methods'!$C$5:$C$20,MATCH(B13,'Pollster Methods'!$A$5:$A$20,0)),"Not listed")) -> Not stated | F13: 1701 | G13: =IF(N(F13)=0,"",1.96*SQRT(0.25/F13)) -> 0.023761504 | H13: 0.3 | I13: 0.31 | J13: 0.12 | K13: 0.08 | L13: 0.1 | M13: 0.02 | N13: 0.07 | O13: =IF(COUNT(H13:N13)=0,"",MAX(0,1-SUM(H13:N13))) -> 0 | P13: Y | Q13: Wikipedia polling table
A14: Curia Sep | B14: Taxpayers' Union–Curia | C14: 1–3 Sep 2026 | D14: 46268 | E14: =IF(B14="","",IFERROR(INDEX('Pollster Methods'!$C$5:$C$20,MATCH(B14,'Pollster Methods'!$A$5:$A$20,0)),"Not listed")) -> Phone (landline & mobile) + online | F14: 1000 | G14: =IF(N(F14)=0,"",1.96*SQRT(0.25/F14)) -> 0.030990321 | H14: 0.29 | I14: 0.259 | J14: 0.139 | K14: 0.105 | L14: 0.084 | M14: 0.02 | N14: 0.045 | O14: =IF(COUNT(H14:N14)=0,"",MAX(0,1-SUM(H14:N14))) -> 0.058 | P14: Y | Q14: Wikipedia polling table
A15: Roy Morgan Aug | B15: Roy Morgan | C15: 27 Jul–23 Aug 2026 | D15: 46257 | E15: =IF(B15="","",IFERROR(INDEX('Pollster Methods'!$C$5:$C$20,MATCH(B15,'Pollster Methods'!$A$5:$A$20,0)),"Not listed")) -> Phone (landline & mobile) | F15: 858 | G15: =IF(N(F15)=0,"",1.96*SQRT(0.25/F15)) -> 0.033456648 | H15: 0.31 | I15: 0.24 | J15: 0.155 | K15: 0.105 | L15: 0.075 | M15: 0.015 | N15: 0.095 | O15: =IF(COUNT(H15:N15)=0,"",MAX(0,1-SUM(H15:N15))) -> 0.005 | P15: N | Q15: Wikipedia polling table
A16: Reid Aug | B16: RNZ–Reid Research | C16: 14–21 Aug 2026 | D16: 46255 | E16: =IF(B16="","",IFERROR(INDEX('Pollster Methods'!$C$5:$C$20,MATCH(B16,'Pollster Methods'!$A$5:$A$20,0)),"Not listed")) -> Online | F16: 1000 | G16: =IF(N(F16)=0,"",1.96*SQRT(0.25/F16)) -> 0.030990321 | H16: 0.291 | I16: 0.322 | J16: 0.102 | K16: 0.077 | L16: 0.119 | M16: 0.03 | N16: 0.053 | O16: =IF(COUNT(H16:N16)=0,"",MAX(0,1-SUM(H16:N16))) -> 0.006 | P16: N | Q16: Wikipedia polling table
A17: Verian Aug | B17: 1News–Verian | C17: 8–11 Aug 2026 | D17: 46245 | E17: =IF(B17="","",IFERROR(INDEX('Pollster Methods'!$C$5:$C$20,MATCH(B17,'Pollster Methods'!$A$5:$A$20,0)),"Not listed")) -> Half mobile phone (random dialling), half online panels | F17: 847 | G17: =IF(N(F17)=0,"",1.96*SQRT(0.25/F17)) -> 0.033673199 | H17: 0.29 | I17: 0.3 | J17: 0.12 | K17: 0.09 | L17: 0.08 | M17: 0.011 | N17: 0.08 | O17: =IF(COUNT(H17:N17)=0,"",MAX(0,1-SUM(H17:N17))) -> 0.029 | P17: N | Q17: Wikipedia polling table
A18: Talbot Mills Aug | B18: Talbot Mills | C18: 1–11 Aug 2026 | D18: 46245 | E18: =IF(B18="","",IFERROR(INDEX('Pollster Methods'!$C$5:$C$20,MATCH(B18,'Pollster Methods'!$A$5:$A$20,0)),"Not listed")) -> Not consistently published | G18: =IF(N(F18)=0,"",1.96*SQRT(0.25/F18)) | H18: 0.29 | I18: 0.34 | J18: 0.08 | K18: 0.07 | L18: 0.13 | M18: 0.03 | N18: 0.052 | O18: =IF(COUNT(H18:N18)=0,"",MAX(0,1-SUM(H18:N18))) -> 0.008 | P18: N | Q18: Wikipedia polling table. Sample not published.
A19: Curia Aug | B19: Taxpayers' Union–Curia | C19: 1–4 Aug 2026 | D19: 46238 | E19: =IF(B19="","",IFERROR(INDEX('Pollster Methods'!$C$5:$C$20,MATCH(B19,'Pollster Methods'!$A$5:$A$20,0)),"Not listed")) -> Phone (landline & mobile) + online | F19: 1000 | G19: =IF(N(F19)=0,"",1.96*SQRT(0.25/F19)) -> 0.030990321 | H19: 0.31 | I19: 0.278 | J19: 0.101 | K19: 0.073 | L19: 0.091 | M19: 0.015 | N19: 0.061 | O19: =IF(COUNT(H19:N19)=0,"",MAX(0,1-SUM(H19:N19))) -> 0.071 | P19: N | Q19: Wikipedia polling table
E20: =IF(B20="","",IFERROR(INDEX('Pollster Methods'!$C$5:$C$20,MATCH(B20,'Pollster Methods'!$A$5:$A$20,0)),"Not listed")) | G20: =IF(N(F20)=0,"",1.96*SQRT(0.25/F20)) | O20: =IF(COUNT(H20:N20)=0,"",MAX(0,1-SUM(H20:N20)))
E21: =IF(B21="","",IFERROR(INDEX('Pollster Methods'!$C$5:$C$20,MATCH(B21,'Pollster Methods'!$A$5:$A$20,0)),"Not listed")) | G21: =IF(N(F21)=0,"",1.96*SQRT(0.25/F21)) | O21: =IF(COUNT(H21:N21)=0,"",MAX(0,1-SUM(H21:N21)))
E22: =IF(B22="","",IFERROR(INDEX('Pollster Methods'!$C$5:$C$20,MATCH(B22,'Pollster Methods'!$A$5:$A$20,0)),"Not listed")) | G22: =IF(N(F22)=0,"",1.96*SQRT(0.25/F22)) | O22: =IF(COUNT(H22:N22)=0,"",MAX(0,1-SUM(H22:N22)))
E23: =IF(B23="","",IFERROR(INDEX('Pollster Methods'!$C$5:$C$20,MATCH(B23,'Pollster Methods'!$A$5:$A$20,0)),"Not listed")) | G23: =IF(N(F23)=0,"",1.96*SQRT(0.25/F23)) | O23: =IF(COUNT(H23:N23)=0,"",MAX(0,1-SUM(H23:N23)))
E24: =IF(B24="","",IFERROR(INDEX('Pollster Methods'!$C$5:$C$20,MATCH(B24,'Pollster Methods'!$A$5:$A$20,0)),"Not listed")) | G24: =IF(N(F24)=0,"",1.96*SQRT(0.25/F24)) | O24: =IF(COUNT(H24:N24)=0,"",MAX(0,1-SUM(H24:N24)))
E25: =IF(B25="","",IFERROR(INDEX('Pollster Methods'!$C$5:$C$20,MATCH(B25,'Pollster Methods'!$A$5:$A$20,0)),"Not listed")) | G25: =IF(N(F25)=0,"",1.96*SQRT(0.25/F25)) | O25: =IF(COUNT(H25:N25)=0,"",MAX(0,1-SUM(H25:N25)))
E26: =IF(B26="","",IFERROR(INDEX('Pollster Methods'!$C$5:$C$20,MATCH(B26,'Pollster Methods'!$A$5:$A$20,0)),"Not listed")) | G26: =IF(N(F26)=0,"",1.96*SQRT(0.25/F26)) | O26: =IF(COUNT(H26:N26)=0,"",MAX(0,1-SUM(H26:N26)))
E27: =IF(B27="","",IFERROR(INDEX('Pollster Methods'!$C$5:$C$20,MATCH(B27,'Pollster Methods'!$A$5:$A$20,0)),"Not listed")) | G27: =IF(N(F27)=0,"",1.96*SQRT(0.25/F27)) | O27: =IF(COUNT(H27:N27)=0,"",MAX(0,1-SUM(H27:N27)))
E28: =IF(B28="","",IFERROR(INDEX('Pollster Methods'!$C$5:$C$20,MATCH(B28,'Pollster Methods'!$A$5:$A$20,0)),"Not listed")) | G28: =IF(N(F28)=0,"",1.96*SQRT(0.25/F28)) | O28: =IF(COUNT(H28:N28)=0,"",MAX(0,1-SUM(H28:N28)))
E29: =IF(B29="","",IFERROR(INDEX('Pollster Methods'!$C$5:$C$20,MATCH(B29,'Pollster Methods'!$A$5:$A$20,0)),"Not listed")) | G29: =IF(N(F29)=0,"",1.96*SQRT(0.25/F29)) | O29: =IF(COUNT(H29:N29)=0,"",MAX(0,1-SUM(H29:N29)))
E30: =IF(B30="","",IFERROR(INDEX('Pollster Methods'!$C$5:$C$20,MATCH(B30,'Pollster Methods'!$A$5:$A$20,0)),"Not listed")) | G30: =IF(N(F30)=0,"",1.96*SQRT(0.25/F30)) | O30: =IF(COUNT(H30:N30)=0,"",MAX(0,1-SUM(H30:N30)))
E31: =IF(B31="","",IFERROR(INDEX('Pollster Methods'!$C$5:$C$20,MATCH(B31,'Pollster Methods'!$A$5:$A$20,0)),"Not listed")) | G31: =IF(N(F31)=0,"",1.96*SQRT(0.25/F31)) | O31: =IF(COUNT(H31:N31)=0,"",MAX(0,1-SUM(H31:N31)))
... E35: =IF(B35="","",IFERROR(INDEX('Pollster Methods'!$C$5:$C$20,MATCH(B35,'Pollster Methods'!$A$5:$A$20,0)),"Not listed")) | G35: =IF(N(F35)=0,"",1.96*SQRT(0.25/F35)) | O35: =IF(COUNT(H35:N35)=0,"",MAX(0,1-SUM(H35:N35)))
A37: Average of included polls | F37: =COUNTIF(P6:P35,"Y") -> 9 | H37: =IFERROR(AVERAGEIFS(H6:H35,$P$6:$P$35,"Y",H6:H35,"<>"),"") -> 0.28488889 | I37: =IFERROR(AVERAGEIFS(I6:I35,$P$6:$P$35,"Y",I6:I35,"<>"),"") -> 0.27933333 | J37: =IFERROR(AVERAGEIFS(J6:J35,$P$6:$P$35,"Y",J6:J35,"<>"),"") -> 0.14555556 | K37: =IFERROR(AVERAGEIFS(K6:K35,$P$6:$P$35,"Y",K6:K35,"<>"),"") -> 0.096333333 | L37: =IFERROR(AVERAGEIFS(L6:L35,$P$6:$P$35,"Y",L6:L35,"<>"),"") -> 0.10333333 | M37: =IFERROR(AVERAGEIFS(M6:M35,$P$6:$P$35,"Y",M6:M35,"<>"),"") -> 0.0145 | N37: =IFERROR(AVERAGEIFS(N6:N35,$P$6:$P$35,"Y",N6:N35,"<>"),"") -> 0.061444444
A38: Simple (unweighted) mean. Blank cells are skipped. Where a poll leaves a party blank, the seat engine fills it with this average (matters mainly for TPM's overhang).

Sheet Pollster Methods
A1: Polling companies and how they poll
A2: 'Verified' rows are confirmed from a cited source this month; others reflect each firm's usual practice and should be checked against their latest report.
A4: Pollster | B4: Commissioned by | C4: Mode | D4: Sampling & weighting | E4: Typical sample | F4: Frequency | G4: Notes | H4: Status / source
A5: Taxpayers' Union–Curia | B5: Taxpayers' Union | C5: Phone (landline & mobile) + online | D5: Random sample of adults, weighted to adult population | E5: 1,000 | F5: Monthly | G5: Curia is no longer a member of the Research Association of NZ (RANZ). | H5: Verified: interest.co.nz, 9 Oct 2026; Wikipedia polling page
A6: 1News–Verian | B6: TVNZ (1News) | C6: Half mobile phone (random dialling), half online panels | D6: Probability mobile sample plus targeted online panel, weighted | E6: ~1,000 | F6: Weekly in final campaign weeks | G6: Formerly Colmar Brunton / Kantar Public. Reports Te Pāti Māori to 1 decimal place. | H6: Verified: 1News, 13 Oct 2026 (501 phone / 506 online)
A7: RNZ–Reid Research | B7: RNZ | C7: Online | D7: Quota sampling, weighted by age, gender and geography | E7: 1,000 | F7: Every few weeks in campaign | G7: Party vote excludes undecided and non-voters. | H7: Verified: RNZ, Oct 2026 poll
A8: Roy Morgan | B8: Roy Morgan (own) | C8: Phone (landline & mobile) | D8: NZ-wide cross-section over a 4-week window | E8: ~850–900 | F8: Monthly | G8: Long fieldwork window, so it reacts slowly to events. | H8: Verified: roymorgan.com, Sep 2026 release
A9: Talbot Mills | B9: Corporate clients (sometimes Labour) | C9: Not consistently published | D9: Not consistently published | E9: Often unpublished | F9: Monthly | G9: Labelled 'Labour–Talbot Mills' when commissioned by Labour. | H9: Check source for each poll
A10: The Post/Freshwater Strategy | B10: The Post | C10: Online panel | D10: Weighted online panel | E10: ~1,000 | F10: Irregular | G10: Publishes whole-number results. | H10: Check The Post release for details
A11: Anacta | B11: Not stated | C11: Not stated | D11: Not stated | E11: 1,701 (Sep 2026) | F11: Irregular | G11: Newer entrant; method not confirmed. | H11: Unverified

Sheet Settings
A1: Settings & assumptions
A2: Blue text = inputs you can change. Yellow = key assumptions.
H3: Scenario list (feeds dropdown)
A4: List + electorate seats (normal size of Parliament) | B4: 120 | C4: Electoral Act: 120 seats before any overhang. | H4: Average
A5: Party-vote threshold | B5: 0.05 | C5: 5% of party vote, or win 1+ electorate. | H5: =IF(Polls!A6="","",Polls!A6) -> Verian 12 Oct
A6: Estimated total party votes cast | B6: 2900000 | C6: Assumption: rough national total, used only to convert percentage-point gaps into vote counts. Edit if you have a better estimate. | H6: =IF(Polls!A7="","",Polls!A7) -> Curia Oct
A7: 'Very close' if gap to next seat ≤ | B7: 0.0025 | C7: 0.25 percentage points of the total party vote. | H7: =IF(Polls!A8="","",Polls!A8) -> Verian 5 Oct
A8: 'Close' if gap ≤ | B8: 0.005 | C8: 0.5 pp. | H8: =IF(Polls!A9="","",Polls!A9) -> Reid Oct
A9: 'Possible' if gap ≤ | B9: 0.01 | C9: 1.0 pp. Anything bigger is labelled 'Not near a seat'. | H9: =IF(Polls!A10="","",Polls!A10) -> Verian 27 Sep
A10: Electorate seats won by other parties / independents | B10: 0 | C10: e.g. if Te Tai Tokerau Party won its electorate, enter 1. Each adds an overhang seat. | H10: =IF(Polls!A11="","",Polls!A11) -> Roy Morgan Sep
H11: =IF(Polls!A12="","",Polls!A12) -> Freshwater Sep
A12: Electorate seats each party is assumed to win | H12: =IF(Polls!A13="","",Polls!A13) -> Anacta Sep
A13: Code | B13: Party | C13: Electorates assumed | D13: Bloc (your label) | E13: Why this default | H13: =IF(Polls!A14="","",Polls!A14) -> Curia Sep
A14: NAT | B14: National | C14: 0 | D14: Govt | E14: Left at 0: National's electorates are well below its list entitlement, so they don't change the seat count. | H14: =IF(Polls!A15="","",Polls!A15) -> Roy Morgan Aug
A15: LAB | B15: Labour | C15: 0 | D15: Opposition | E15: Left at 0 for the same reason as National. | H15: =IF(Polls!A16="","",Polls!A16) -> Reid Aug
A16: GRN | B16: Green | C16: 3 | D16: Opposition | E16: Assumes Greens hold Auckland Central, Rongotai and Wellington Central (common projection assumption). | H16: =IF(Polls!A17="","",Polls!A17) -> Verian Aug
A17: ACT | B17: ACT | C17: 2 | D17: Govt | E17: Assumes ACT holds Epsom and Tāmaki. | H17: =IF(Polls!A18="","",Polls!A18) -> Talbot Mills Aug
A18: NZF | B18: NZ First | C18: 0 | D18: Govt | E18: No electorates held; must clear 5%. | H18: =IF(Polls!A19="","",Polls!A19) -> Curia Aug
A19: TPM | B19: Te Pāti Māori | C19: 4 | D19: Opposition | E19: Assumes 4 Māori electorates (Hauraki-Waikato, Tāmaki Makaurau, Te Tai Hauāuru, Waiariki), per Wikipedia projection convention. Creates overhang. | H19: =IF(Polls!A20="","",Polls!A20)
A20: OPP | B20: Opportunity | C20: 0 | D20: Undeclared | E20: No electorates; must clear 5%. | H20: =IF(Polls!A21="","",Polls!A21)
H21: =IF(Polls!A22="","",Polls!A22)
A22: Bloc labels are just for adding up seats on the calculator. Change them to any grouping you like. | H22: =IF(Polls!A23="","",Polls!A23)
H23: =IF(Polls!A24="","",Polls!A24)
H24: =IF(Polls!A25="","",Polls!A25)
H25: =IF(Polls!A26="","",Polls!A26)
H26: =IF(Polls!A27="","",Polls!A27)
H27: =IF(Polls!A28="","",Polls!A28)
H28: =IF(Polls!A29="","",Polls!A29)
H29: =IF(Polls!A30="","",Polls!A30)
H30: =IF(Polls!A31="","",Polls!A31)
H31: =IF(Polls!A32="","",Polls!A32)
H32: =IF(Polls!A33="","",Polls!A33)
H33: =IF(Polls!A34="","",Polls!A34)
H34: =IF(Polls!A35="","",Polls!A35)

Sheet Engine
A1: Divisor → | B1: Engine: Sainte-Laguë allocation (do not edit). One block per poll, plus the average and the calculator scenario. | C1: 1 | D1: 3 | E1: 5 | F1: 7 | G1: 9 | H1: 11 | I1: 13 | J1: 15 | K1: 17 | L1: 19 | M1: 21 | N1: 23 | O1: 25 | P1: 27 | Q1: 29 | R1: 31 | S1: 33 | T1: 35 | U1: 37 | V1: 39 | W1: 41 | X1: 43 | Y1: 45 | Z1: 47 | AA1: 49 | AB1: 51 | AC1: 53 | AD1: 55 | AE1: 57 | AF1: 59 | AG1: 61 | AH1: 63 | AI1: 65 | AJ1: 67 | AK1: 69 | AL1: 71 | AM1: 73 | AN1: 75 | AO1: 77 | AP1: 79 | AQ1: 81 | AR1: 83 | AS1: 85 | AT1: 87 | AU1: 89 | AV1: 91 | AW1: 93 | AX1: 95 | AY1: 97 | AZ1: 99 | BA1: 101 | BB1: 103 | BC1: 105 | BD1: 107 | BE1: 109 | BF1: 111 | BG1: 113 | BH1: 115 | BI1: 117 | BJ1: 119
A2: Block / party | B2: Valid | C2: 120th quotient | D2: 121st quotient | E2: Last seat to | F2: Next in line | G2: Total seats | BL2: Entitlement | BM2: Final seats | BN2: Gap to next seat | BO2: Cushion | BP2: Progress | BQ2: Holds last seat | BR2: Next in line | BS2: Raw share | BT2: Status
A3: =Polls!A6 -> Verian 12 Oct | B3: =IF(SUM(BS4:BS10)>0,1,0) -> 1 | C3: =IF(B3=1,LARGE(C4:BJ10,Settings!$B$4),0) -> 0.0041791045 | D3: =IF(B3=1,LARGE(C4:BJ10,Settings!$B$4+1),0) -> 0.004057971 | E3: =IF(B3=1,IFERROR(INDEX(A4:A10,MATCH(1,BQ4:BQ10,0)),""),"") -> NAT | F3: =IF(B3=1,IFERROR(INDEX(A4:A10,MATCH(1,BR4:BR10,0)),""),"") -> NAT | G3: =IF(B3=1,SUM(BM4:BM10)+Settings!$B$10,"") -> 124
A4: NAT | B4: =IF(OR(BS4>=Settings!$B$5,Settings!$C$14>0),BS4,0) -> 0.28 | C4: =$B4/C$1 -> 0.28 | D4: =$B4/D$1 -> 0.093333333 | E4: =$B4/E$1 -> 0.056 | F4: =$B4/F$1 -> 0.04 | G4: =$B4/G$1 -> 0.031111111 | H4: =$B4/H$1 -> 0.025454545 | I4: =$B4/I$1 -> 0.021538462 | J4: =$B4/J$1 -> 0.018666667 | ... BJ4: =$B4/BJ$1 -> 0.0023529412 | BL4: =IF($B$3=1,COUNTIF(C4:BJ4,">="&$C$3),0) -> 34 | BM4: =IF($B$3=1,IF(OR(BS4>=Settings!$B$5,Settings!$C$14>0),MAX(BL4,Settings!$C$14),0),0) -> 34 | BN4: =IF($B$3=1,IF(OR(BS4>=Settings!$B$5,Settings!$C$14>0),MAX(0,(2*MAX(BL4,Settings!$C$14)+1)*$C$3-BS4),MAX(0,Settings!$B$5-BS4)),"") -> 0.008358209 | BO4: =IF($B$3=1,IF(OR(BS4>=Settings!$B$5,Settings!$C$14>0),IF(BL4<=Settings!$C$14,"Protected by electorates",IF(Settings!$C$14=0,MIN(BS4-(2*BL4-1)*$D$3,BS4-Settings!$B$5),BS4-(2*BL4-1)*$D$3)),""),"") -> 0.008115942 | BP4: =IF($B$3=1,IF(OR(BS4>=Settings!$B$5,Settings!$C$14>0),MAX(0,MIN(1,(BS4/$C$3-(2*MAX(BL4,Settings!$C$14)-1))/2)),MIN(1,BS4/Settings!$B$5)),"") -> 0 | BQ4: =IF(AND($B$3=1,COUNTIF(C4:BJ4,$C$3)>0),1,0) -> 1 | BR4: =IF(AND($B$3=1,COUNTIF(C4:BJ4,$D$3)>0),1,0) -> 1 | BS4: =N(IF(Polls!H6="",Polls!H37,Polls!H6)) -> 0.28 | BT4: =IF(OR(BS4>=Settings!$B$5,Settings!$C$14>0),"Next seat","Threshold") -> Next seat
A5: LAB | B5: =IF(OR(BS5>=Settings!$B$5,Settings!$C$15>0),BS5,0) -> 0.28 | C5: =$B5/C$1 -> 0.28 | D5: =$B5/D$1 -> 0.093333333 | E5: =$B5/E$1 -> 0.056 | F5: =$B5/F$1 -> 0.04 | G5: =$B5/G$1 -> 0.031111111 | H5: =$B5/H$1 -> 0.025454545 | I5: =$B5/I$1 -> 0.021538462 | J5: =$B5/J$1 -> 0.018666667 | ... BJ5: =$B5/BJ$1 -> 0.0023529412 | BL5: =IF($B$3=1,COUNTIF(C5:BJ5,">="&$C$3),0) -> 34 | BM5: =IF($B$3=1,IF(OR(BS5>=Settings!$B$5,Settings!$C$15>0),MAX(BL5,Settings!$C$15),0),0) -> 34 | BN5: =IF($B$3=1,IF(OR(BS5>=Settings!$B$5,Settings!$C$15>0),MAX(0,(2*MAX(BL5,Settings!$C$15)+1)*$C$3-BS5),MAX(0,Settings!$B$5-BS5)),"") -> 0.008358209 | BO5: =IF($B$3=1,IF(OR(BS5>=Settings!$B$5,Settings!$C$15>0),IF(BL5<=Settings!$C$15,"Protected by electorates",IF(Settings!$C$15=0,MIN(BS5-(2*BL5-1)*$D$3,BS5-Settings!$B$5),BS5-(2*BL5-1)*$D$3)),""),"") -> 0.008115942 | BP5: =IF($B$3=1,IF(OR(BS5>=Settings!$B$5,Settings!$C$15>0),MAX(0,MIN(1,(BS5/$C$3-(2*MAX(BL5,Settings!$C$15)-1))/2)),MIN(1,BS5/Settings!$B$5)),"") -> 0 | BQ5: =IF(AND($B$3=1,COUNTIF(C5:BJ5,$C$3)>0),1,0) -> 1 | BR5: =IF(AND($B$3=1,COUNTIF(C5:BJ5,$D$3)>0),1,0) -> 1 | BS5: =N(IF(Polls!I6="",Polls!I37,Polls!I6)) -> 0.28 | BT5: =IF(OR(BS5>=Settings!$B$5,Settings!$C$15>0),"Next seat","Threshold") -> Next seat
A6: GRN | B6: =IF(OR(BS6>=Settings!$B$5,Settings!$C$16>0),BS6,0) -> 0.15 | C6: =$B6/C$1 -> 0.15 | D6: =$B6/D$1 -> 0.05 | E6: =$B6/E$1 -> 0.03 | F6: =$B6/F$1 -> 0.021428571 | G6: =$B6/G$1 -> 0.016666667 | H6: =$B6/H$1 -> 0.013636364 | I6: =$B6/I$1 -> 0.011538462 | J6: =$B6/J$1 -> 0.01 | ... BJ6: =$B6/BJ$1 -> 0.0012605042 | BL6: =IF($B$3=1,COUNTIF(C6:BJ6,">="&$C$3),0) -> 18 | BM6: =IF($B$3=1,IF(OR(BS6>=Settings!$B$5,Settings!$C$16>0),MAX(BL6,Settings!$C$16),0),0) -> 18 | BN6: =IF($B$3=1,IF(OR(BS6>=Settings!$B$5,Settings!$C$16>0),MAX(0,(2*MAX(BL6,Settings!$C$16)+1)*$C$3-BS6),MAX(0,Settings!$B$5-BS6)),"") -> 0.0046268657 | BO6: =IF($B$3=1,IF(OR(BS6>=Settings!$B$5,Settings!$C$16>0),IF(BL6<=Settings!$C$16,"Protected by electorates",IF(Settings!$C$16=0,MIN(BS6-(2*BL6-1)*$D$3,BS6-Settings!$B$5),BS6-(2*BL6-1)*$D$3)),""),"") -> 0.0079710145 | BP6: =IF($B$3=1,IF(OR(BS6>=Settings!$B$5,Settings!$C$16>0),MAX(0,MIN(1,(BS6/$C$3-(2*MAX(BL6,Settings!$C$16)-1))/2)),MIN(1,BS6/Settings!$B$5)),"") -> 0.44642857 | BQ6: =IF(AND($B$3=1,COUNTIF(C6:BJ6,$C$3)>0),1,0) -> 0 | BR6: =IF(AND($B$3=1,COUNTIF(C6:BJ6,$D$3)>0),1,0) -> 0 | BS6: =N(IF(Polls!J6="",Polls!J37,Polls!J6)) -> 0.15 | BT6: =IF(OR(BS6>=Settings!$B$5,Settings!$C$16>0),"Next seat","Threshold") -> Next seat
A7: ACT | B7: =IF(OR(BS7>=Settings!$B$5,Settings!$C$17>0),BS7,0) -> 0.1 | C7: =$B7/C$1 -> 0.1 | D7: =$B7/D$1 -> 0.033333333 | E7: =$B7/E$1 -> 0.02 | F7: =$B7/F$1 -> 0.014285714 | G7: =$B7/G$1 -> 0.011111111 | H7: =$B7/H$1 -> 0.0090909091 | I7: =$B7/I$1 -> 0.0076923077 | J7: =$B7/J$1 -> 0.0066666667 | ... BJ7: =$B7/BJ$1 -> 0.00084033613 | BL7: =IF($B$3=1,COUNTIF(C7:BJ7,">="&$C$3),0) -> 12 | BM7: =IF($B$3=1,IF(OR(BS7>=Settings!$B$5,Settings!$C$17>0),MAX(BL7,Settings!$C$17),0),0) -> 12 | BN7: =IF($B$3=1,IF(OR(BS7>=Settings!$B$5,Settings!$C$17>0),MAX(0,(2*MAX(BL7,Settings!$C$17)+1)*$C$3-BS7),MAX(0,Settings!$B$5-BS7)),"") -> 0.0044776119 | BO7: =IF($B$3=1,IF(OR(BS7>=Settings!$B$5,Settings!$C$17>0),IF(BL7<=Settings!$C$17,"Protected by electorates",IF(Settings!$C$17=0,MIN(BS7-(2*BL7-1)*$D$3,BS7-Settings!$B$5),BS7-(2*BL7-1)*$D$3)),""),"") -> 0.0066666667 | BP7: =IF($B$3=1,IF(OR(BS7>=Settings!$B$5,Settings!$C$17>0),MAX(0,MIN(1,(BS7/$C$3-(2*MAX(BL7,Settings!$C$17)-1))/2)),MIN(1,BS7/Settings!$B$5)),"") -> 0.46428571 | BQ7: =IF(AND($B$3=1,COUNTIF(C7:BJ7,$C$3)>0),1,0) -> 0 | BR7: =IF(AND($B$3=1,COUNTIF(C7:BJ7,$D$3)>0),1,0) -> 0 | BS7: =N(IF(Polls!K6="",Polls!K37,Polls!K6)) -> 0.1 | BT7: =IF(OR(BS7>=Settings!$B$5,Settings!$C$17>0),"Next seat","Threshold") -> Next seat
A8: NZF | B8: =IF(OR(BS8>=Settings!$B$5,Settings!$C$18>0),BS8,0) -> 0.1 | C8: =$B8/C$1 -> 0.1 | D8: =$B8/D$1 -> 0.033333333 | E8: =$B8/E$1 -> 0.02 | F8: =$B8/F$1 -> 0.014285714 | G8: =$B8/G$1 -> 0.011111111 | H8: =$B8/H$1 -> 0.0090909091 | I8: =$B8/I$1 -> 0.0076923077 | J8: =$B8/J$1 -> 0.0066666667 | ... BJ8: =$B8/BJ$1 -> 0.00084033613 | BL8: =IF($B$3=1,COUNTIF(C8:BJ8,">="&$C$3),0) -> 12 | BM8: =IF($B$3=1,IF(OR(BS8>=Settings!$B$5,Settings!$C$18>0),MAX(BL8,Settings!$C$18),0),0) -> 12 | BN8: =IF($B$3=1,IF(OR(BS8>=Settings!$B$5,Settings!$C$18>0),MAX(0,(2*MAX(BL8,Settings!$C$18)+1)*$C$3-BS8),MAX(0,Settings!$B$5-BS8)),"") -> 0.0044776119 | BO8: =IF($B$3=1,IF(OR(BS8>=Settings!$B$5,Settings!$C$18>0),IF(BL8<=Settings!$C$18,"Protected by electorates",IF(Settings!$C$18=0,MIN(BS8-(2*BL8-1)*$D$3,BS8-Settings!$B$5),BS8-(2*BL8-1)*$D$3)),""),"") -> 0.0066666667 | BP8: =IF($B$3=1,IF(OR(BS8>=Settings!$B$5,Settings!$C$18>0),MAX(0,MIN(1,(BS8/$C$3-(2*MAX(BL8,Settings!$C$18)-1))/2)),MIN(1,BS8/Settings!$B$5)),"") -> 0.46428571 | BQ8: =IF(AND($B$3=1,COUNTIF(C8:BJ8,$C$3)>0),1,0) -> 0 | BR8: =IF(AND($B$3=1,COUNTIF(C8:BJ8,$D$3)>0),1,0) -> 0 | BS8: =N(IF(Polls!L6="",Polls!L37,Polls!L6)) -> 0.1 | BT8: =IF(OR(BS8>=Settings!$B$5,Settings!$C$18>0),"Next seat","Threshold") -> Next seat
A9: TPM | B9: =IF(OR(BS9>=Settings!$B$5,Settings!$C$19>0),BS9,0) -> 0.004 | C9: =$B9/C$1 -> 0.004 | D9: =$B9/D$1 -> 0.0013333333 | E9: =$B9/E$1 -> 0.0008 | F9: =$B9/F$1 -> 0.00057142857 | G9: =$B9/G$1 -> 0.00044444444 | H9: =$B9/H$1 -> 0.00036363636 | I9: =$B9/I$1 -> 0.00030769231 | J9: =$B9/J$1 -> 0.00026666667 | ... BJ9: =$B9/BJ$1 -> 3.3613445e-05 | BL9: =IF($B$3=1,COUNTIF(C9:BJ9,">="&$C$3),0) -> 0 | BM9: =IF($B$3=1,IF(OR(BS9>=Settings!$B$5,Settings!$C$19>0),MAX(BL9,Settings!$C$19),0),0) -> 4 | BN9: =IF($B$3=1,IF(OR(BS9>=Settings!$B$5,Settings!$C$19>0),MAX(0,(2*MAX(BL9,Settings!$C$19)+1)*$C$3-BS9),MAX(0,Settings!$B$5-BS9)),"") -> 0.03361194 | BO9: =IF($B$3=1,IF(OR(BS9>=Settings!$B$5,Settings!$C$19>0),IF(BL9<=Settings!$C$19,"Protected by electorates",IF(Settings!$C$19=0,MIN(BS9-(2*BL9-1)*$D$3,BS9-Settings!$B$5),BS9-(2*BL9-1)*$D$3)),""),"") -> Protected by electorates | BP9: =IF($B$3=1,IF(OR(BS9>=Settings!$B$5,Settings!$C$19>0),MAX(0,MIN(1,(BS9/$C$3-(2*MAX(BL9,Settings!$C$19)-1))/2)),MIN(1,BS9/Settings!$B$5)),"") -> 0 | BQ9: =IF(AND($B$3=1,COUNTIF(C9:BJ9,$C$3)>0),1,0) -> 0 | BR9: =IF(AND($B$3=1,COUNTIF(C9:BJ9,$D$3)>0),1,0) -> 0 | BS9: =N(IF(Polls!M6="",Polls!M37,Polls!M6)) -> 0.004 | BT9: =IF(OR(BS9>=Settings!$B$5,Settings!$C$19>0),"Next seat","Threshold") -> Next seat
A10: OPP | B10: =IF(OR(BS10>=Settings!$B$5,Settings!$C$20>0),BS10,0) -> 0.08 | C10: =$B10/C$1 -> 0.08 | D10: =$B10/D$1 -> 0.026666667 | E10: =$B10/E$1 -> 0.016 | F10: =$B10/F$1 -> 0.011428571 | G10: =$B10/G$1 -> 0.0088888889 | H10: =$B10/H$1 -> 0.0072727273 | I10: =$B10/I$1 -> 0.0061538462 | J10: =$B10/J$1 -> 0.0053333333 | ... BJ10: =$B10/BJ$1 -> 0.00067226891 | BL10: =IF($B$3=1,COUNTIF(C10:BJ10,">="&$C$3),0) -> 10 | BM10: =IF($B$3=1,IF(OR(BS10>=Settings!$B$5,Settings!$C$20>0),MAX(BL10,Settings!$C$20),0),0) -> 10 | BN10: =IF($B$3=1,IF(OR(BS10>=Settings!$B$5,Settings!$C$20>0),MAX(0,(2*MAX(BL10,Settings!$C$20)+1)*$C$3-BS10),MAX(0,Settings!$B$5-BS10)),"") -> 0.007761194 | BO10: =IF($B$3=1,IF(OR(BS10>=Settings!$B$5,Settings!$C$20>0),IF(BL10<=Settings!$C$20,"Protected by electorates",IF(Settings!$C$20=0,MIN(BS10-(2*BL10-1)*$D$3,BS10-Settings!$B$5),BS10-(2*BL10-1)*$D$3)),""),"") -> 0.0028985507 | BP10: =IF($B$3=1,IF(OR(BS10>=Settings!$B$5,Settings!$C$20>0),MAX(0,MIN(1,(BS10/$C$3-(2*MAX(BL10,Settings!$C$20)-1))/2)),MIN(1,BS10/Settings!$B$5)),"") -> 0.071428571 | BQ10: =IF(AND($B$3=1,COUNTIF(C10:BJ10,$C$3)>0),1,0) -> 0 | BR10: =IF(AND($B$3=1,COUNTIF(C10:BJ10,$D$3)>0),1,0) -> 0 | BS10: =N(IF(Polls!N6="",Polls!N37,Polls!N6)) -> 0.08 | BT10: =IF(OR(BS10>=Settings!$B$5,Settings!$C$20>0),"Next seat","Threshold") -> Next seat
A12: =Polls!A7 -> Curia Oct | B12: =IF(SUM(BS13:BS19)>0,1,0) -> 1 | C12: =IF(B12=1,LARGE(C13:BJ19,Settings!$B$4),0) -> 0.0038709677 | D12: =IF(B12=1,LARGE(C13:BJ19,Settings!$B$4+1),0) -> 0.0038630137 | E12: =IF(B12=1,IFERROR(INDEX(A13:A19,MATCH(1,BQ13:BQ19,0)),""),"") -> NZF | F12: =IF(B12=1,IFERROR(INDEX(A13:A19,MATCH(1,BR13:BR19,0)),""),"") -> LAB | G12: =IF(B12=1,SUM(BM13:BM19)+Settings!$B$10,"") -> 122
A13: NAT | B13: =IF(OR(BS13>=Settings!$B$5,Settings!$C$14>0),BS13,0) -> 0.285 | C13: =$B13/C$1 -> 0.285 | D13: =$B13/D$1 -> 0.095 | E13: =$B13/E$1 -> 0.057 | F13: =$B13/F$1 -> 0.040714286 | G13: =$B13/G$1 -> 0.031666667 | H13: =$B13/H$1 -> 0.025909091 | I13: =$B13/I$1 -> 0.021923077 | J13: =$B13/J$1 -> 0.019 | ... BJ13: =$B13/BJ$1 -> 0.002394958 | BL13: =IF($B$12=1,COUNTIF(C13:BJ13,">="&$C$12),0) -> 37 | BM13: =IF($B$12=1,IF(OR(BS13>=Settings!$B$5,Settings!$C$14>0),MAX(BL13,Settings!$C$14),0),0) -> 37 | BN13: =IF($B$12=1,IF(OR(BS13>=Settings!$B$5,Settings!$C$14>0),MAX(0,(2*MAX(BL13,Settings!$C$14)+1)*$C$12-BS13),MAX(0,Settings!$B$5-BS13)),"") -> 0.0053225806 | BO13: =IF($B$12=1,IF(OR(BS13>=Settings!$B$5,Settings!$C$14>0),IF(BL13<=Settings!$C$14,"Protected by electorates",IF(Settings!$C$14=0,MIN(BS13-(2*BL13-1)*$D$12,BS13-Settings!$B$5),BS13-(2*BL13-1)*$D$12)),""),"") -> 0.003 | BP13: =IF($B$12=1,IF(OR(BS13>=Settings!$B$5,Settings!$C$14>0),MAX(0,MIN(1,(BS13/$C$12-(2*MAX(BL13,Settings!$C$14)-1))/2)),MIN(1,BS13/Settings!$B$5)),"") -> 0.3125 | BQ13: =IF(AND($B$12=1,COUNTIF(C13:BJ13,$C$12)>0),1,0) -> 0 | BR13: =IF(AND($B$12=1,COUNTIF(C13:BJ13,$D$12)>0),1,0) -> 0 | BS13: =N(IF(Polls!H7="",Polls!H37,Polls!H7)) -> 0.285 | BT13: =IF(OR(BS13>=Settings!$B$5,Settings!$C$14>0),"Next seat","Threshold") -> Next seat
A14: LAB | B14: =IF(OR(BS14>=Settings!$B$5,Settings!$C$15>0),BS14,0) -> 0.282 | C14: =$B14/C$1 -> 0.282 | D14: =$B14/D$1 -> 0.094 | E14: =$B14/E$1 -> 0.0564 | F14: =$B14/F$1 -> 0.040285714 | G14: =$B14/G$1 -> 0.031333333 | H14: =$B14/H$1 -> 0.025636364 | I14: =$B14/I$1 -> 0.021692308 | J14: =$B14/J$1 -> 0.0188 | ... BJ14: =$B14/BJ$1 -> 0.0023697479 | BL14: =IF($B$12=1,COUNTIF(C14:BJ14,">="&$C$12),0) -> 36 | BM14: =IF($B$12=1,IF(OR(BS14>=Settings!$B$5,Settings!$C$15>0),MAX(BL14,Settings!$C$15),0),0) -> 36 | BN14: =IF($B$12=1,IF(OR(BS14>=Settings!$B$5,Settings!$C$15>0),MAX(0,(2*MAX(BL14,Settings!$C$15)+1)*$C$12-BS14),MAX(0,Settings!$B$5-BS14)),"") -> 0.00058064516 | BO14: =IF($B$12=1,IF(OR(BS14>=Settings!$B$5,Settings!$C$15>0),IF(BL14<=Settings!$C$15,"Protected by electorates",IF(Settings!$C$15=0,MIN(BS14-(2*BL14-1)*$D$12,BS14-Settings!$B$5),BS14-(2*BL14-1)*$D$12)),""),"") -> 0.0077260274 | BP14: =IF($B$12=1,IF(OR(BS14>=Settings!$B$5,Settings!$C$15>0),MAX(0,MIN(1,(BS14/$C$12-(2*MAX(BL14,Settings!$C$15)-1))/2)),MIN(1,BS14/Settings!$B$5)),"") -> 0.925 | BQ14: =IF(AND($B$12=1,COUNTIF(C14:BJ14,$C$12)>0),1,0) -> 0 | BR14: =IF(AND($B$12=1,COUNTIF(C14:BJ14,$D$12)>0),1,0) -> 1 | BS14: =N(IF(Polls!I7="",Polls!I37,Polls!I7)) -> 0.282 | BT14: =IF(OR(BS14>=Settings!$B$5,Settings!$C$15>0),"Next seat","Threshold") -> Next seat
A15: GRN | B15: =IF(OR(BS15>=Settings!$B$5,Settings!$C$16>0),BS15,0) -> 0.133 | C15: =$B15/C$1 -> 0.133 | D15: =$B15/D$1 -> 0.044333333 | E15: =$B15/E$1 -> 0.0266 | F15: =$B15/F$1 -> 0.019 | G15: =$B15/G$1 -> 0.014777778 | H15: =$B15/H$1 -> 0.012090909 | I15: =$B15/I$1 -> 0.010230769 | J15: =$B15/J$1 -> 0.0088666667 | ... BJ15: =$B15/BJ$1 -> 0.0011176471 | BL15: =IF($B$12=1,COUNTIF(C15:BJ15,">="&$C$12),0) -> 17 | BM15: =IF($B$12=1,IF(OR(BS15>=Settings!$B$5,Settings!$C$16>0),MAX(BL15,Settings!$C$16),0),0) -> 17 | BN15: =IF($B$12=1,IF(OR(BS15>=Settings!$B$5,Settings!$C$16>0),MAX(0,(2*MAX(BL15,Settings!$C$16)+1)*$C$12-BS15),MAX(0,Settings!$B$5-BS15)),"") -> 0.002483871 | BO15: =IF($B$12=1,IF(OR(BS15>=Settings!$B$5,Settings!$C$16>0),IF(BL15<=Settings!$C$16,"Protected by electorates",IF(Settings!$C$16=0,MIN(BS15-(2*BL15-1)*$D$12,BS15-Settings!$B$5),BS15-(2*BL15-1)*$D$12)),""),"") -> 0.0055205479 | BP15: =IF($B$12=1,IF(OR(BS15>=Settings!$B$5,Settings!$C$16>0),MAX(0,MIN(1,(BS15/$C$12-(2*MAX(BL15,Settings!$C$16)-1))/2)),MIN(1,BS15/Settings!$B$5)),"") -> 0.67916667 | BQ15: =IF(AND($B$12=1,COUNTIF(C15:BJ15,$C$12)>0),1,0) -> 0 | BR15: =IF(AND($B$12=1,COUNTIF(C15:BJ15,$D$12)>0),1,0) -> 0 | BS15: =N(IF(Polls!J7="",Polls!J37,Polls!J7)) -> 0.133 | BT15: =IF(OR(BS15>=Settings!$B$5,Settings!$C$16>0),"Next seat","Threshold") -> Next seat
A16: ACT | B16: =IF(OR(BS16>=Settings!$B$5,Settings!$C$17>0),BS16,0) -> 0.092 | C16: =$B16/C$1 -> 0.092 | D16: =$B16/D$1 -> 0.030666667 | E16: =$B16/E$1 -> 0.0184 | F16: =$B16/F$1 -> 0.013142857 | G16: =$B16/G$1 -> 0.010222222 | H16: =$B16/H$1 -> 0.0083636364 | I16: =$B16/I$1 -> 0.0070769231 | J16: =$B16/J$1 -> 0.0061333333 | ... BJ16: =$B16/BJ$1 -> 0.00077310924 | BL16: =IF($B$12=1,COUNTIF(C16:BJ16,">="&$C$12),0) -> 12 | BM16: =IF($B$12=1,IF(OR(BS16>=Settings!$B$5,Settings!$C$17>0),MAX(BL16,Settings!$C$17),0),0) -> 12 | BN16: =IF($B$12=1,IF(OR(BS16>=Settings!$B$5,Settings!$C$17>0),MAX(0,(2*MAX(BL16,Settings!$C$17)+1)*$C$12-BS16),MAX(0,Settings!$B$5-BS16)),"") -> 0.0047741935 | BO16: =IF($B$12=1,IF(OR(BS16>=Settings!$B$5,Settings!$C$17>0),IF(BL16<=Settings!$C$17,"Protected by electorates",IF(Settings!$C$17=0,MIN(BS16-(2*BL16-1)*$D$12,BS16-Settings!$B$5),BS16-(2*BL16-1)*$D$12)),""),"") -> 0.0031506849 | BP16: =IF($B$12=1,IF(OR(BS16>=Settings!$B$5,Settings!$C$17>0),MAX(0,MIN(1,(BS16/$C$12-(2*MAX(BL16,Settings!$C$17)-1))/2)),MIN(1,BS16/Settings!$B$5)),"") -> 0.38333333 | BQ16: =IF(AND($B$12=1,COUNTIF(C16:BJ16,$C$12)>0),1,0) -> 0 | BR16: =IF(AND($B$12=1,COUNTIF(C16:BJ16,$D$12)>0),1,0) -> 0 | BS16: =N(IF(Polls!K7="",Polls!K37,Polls!K7)) -> 0.092 | BT16: =IF(OR(BS16>=Settings!$B$5,Settings!$C$17>0),"Next seat","Threshold") -> Next seat
A17: NZF | B17: =IF(OR(BS17>=Settings!$B$5,Settings!$C$18>0),BS17,0) -> 0.12 | C17: =$B17/C$1 -> 0.12 | D17: =$B17/D$1 -> 0.04 | E17: =$B17/E$1 -> 0.024 | F17: =$B17/F$1 -> 0.017142857 | G17: =$B17/G$1 -> 0.013333333 | H17: =$B17/H$1 -> 0.010909091 | I17: =$B17/I$1 -> 0.0092307692 | J17: =$B17/J$1 -> 0.008 | ... BJ17: =$B17/BJ$1 -> 0.0010084034 | BL17: =IF($B$12=1,COUNTIF(C17:BJ17,">="&$C$12),0) -> 16 | BM17: =IF($B$12=1,IF(OR(BS17>=Settings!$B$5,Settings!$C$18>0),MAX(BL17,Settings!$C$18),0),0) -> 16 | BN17: =IF($B$12=1,IF(OR(BS17>=Settings!$B$5,Settings!$C$18>0),MAX(0,(2*MAX(BL17,Settings!$C$18)+1)*$C$12-BS17),MAX(0,Settings!$B$5-BS17)),"") -> 0.0077419355 | BO17: =IF($B$12=1,IF(OR(BS17>=Settings!$B$5,Settings!$C$18>0),IF(BL17<=Settings!$C$18,"Protected by electorates",IF(Settings!$C$18=0,MIN(BS17-(2*BL17-1)*$D$12,BS17-Settings!$B$5),BS17-(2*BL17-1)*$D$12)),""),"") -> 0.00024657534 | BP17: =IF($B$12=1,IF(OR(BS17>=Settings!$B$5,Settings!$C$18>0),MAX(0,MIN(1,(BS17/$C$12-(2*MAX(BL17,Settings!$C$18)-1))/2)),MIN(1,BS17/Settings!$B$5)),"") -> 0 | BQ17: =IF(AND($B$12=1,COUNTIF(C17:BJ17,$C$12)>0),1,0) -> 1 | BR17: =IF(AND($B$12=1,COUNTIF(C17:BJ17,$D$12)>0),1,0) -> 0 | BS17: =N(IF(Polls!L7="",Polls!L37,Polls!L7)) -> 0.12 | BT17: =IF(OR(BS17>=Settings!$B$5,Settings!$C$18>0),"Next seat","Threshold") -> Next seat
A18: TPM | B18: =IF(OR(BS18>=Settings!$B$5,Settings!$C$19>0),BS18,0) -> 0.014 | C18: =$B18/C$1 -> 0.014 | D18: =$B18/D$1 -> 0.0046666667 | E18: =$B18/E$1 -> 0.0028 | F18: =$B18/F$1 -> 0.002 | G18: =$B18/G$1 -> 0.0015555556 | H18: =$B18/H$1 -> 0.0012727273 | I18: =$B18/I$1 -> 0.0010769231 | J18: =$B18/J$1 -> 0.00093333333 | ... BJ18: =$B18/BJ$1 -> 0.00011764706 | BL18: =IF($B$12=1,COUNTIF(C18:BJ18,">="&$C$12),0) -> 2 | BM18: =IF($B$12=1,IF(OR(BS18>=Settings!$B$5,Settings!$C$19>0),MAX(BL18,Settings!$C$19),0),0) -> 4 | BN18: =IF($B$12=1,IF(OR(BS18>=Settings!$B$5,Settings!$C$19>0),MAX(0,(2*MAX(BL18,Settings!$C$19)+1)*$C$12-BS18),MAX(0,Settings!$B$5-BS18)),"") -> 0.02083871 | BO18: =IF($B$12=1,IF(OR(BS18>=Settings!$B$5,Settings!$C$19>0),IF(BL18<=Settings!$C$19,"Protected by electorates",IF(Settings!$C$19=0,MIN(BS18-(2*BL18-1)*$D$12,BS18-Settings!$B$5),BS18-(2*BL18-1)*$D$12)),""),"") -> Protected by electorates | BP18: =IF($B$12=1,IF(OR(BS18>=Settings!$B$5,Settings!$C$19>0),MAX(0,MIN(1,(BS18/$C$12-(2*MAX(BL18,Settings!$C$19)-1))/2)),MIN(1,BS18/Settings!$B$5)),"") -> 0 | BQ18: =IF(AND($B$12=1,COUNTIF(C18:BJ18,$C$12)>0),1,0) -> 0 | BR18: =IF(AND($B$12=1,COUNTIF(C18:BJ18,$D$12)>0),1,0) -> 0 | BS18: =N(IF(Polls!M7="",Polls!M37,Polls!M7)) -> 0.014 | BT18: =IF(OR(BS18>=Settings!$B$5,Settings!$C$19>0),"Next seat","Threshold") -> Next seat
A19: OPP | B19: =IF(OR(BS19>=Settings!$B$5,Settings!$C$20>0),BS19,0) -> 0 | C19: =$B19/C$1 -> 0 | D19: =$B19/D$1 -> 0 | E19: =$B19/E$1 -> 0 | F19: =$B19/F$1 -> 0 | G19: =$B19/G$1 -> 0 | H19: =$B19/H$1 -> 0 | I19: =$B19/I$1 -> 0 | J19: =$B19/J$1 -> 0 | ... BJ19: =$B19/BJ$1 -> 0 | BL19: =IF($B$12=1,COUNTIF(C19:BJ19,">="&$C$12),0) -> 0 | BM19: =IF($B$12=1,IF(OR(BS19>=Settings!$B$5,Settings!$C$20>0),MAX(BL19,Settings!$C$20),0),0) -> 0 | BN19: =IF($B$12=1,IF(OR(BS19>=Settings!$B$5,Settings!$C$20>0),MAX(0,(2*MAX(BL19,Settings!$C$20)+1)*$C$12-BS19),MAX(0,Settings!$B$5-BS19)),"") -> 0.002 | BO19: =IF($B$12=1,IF(OR(BS19>=Settings!$B$5,Settings!$C$20>0),IF(BL19<=Settings!$C$20,"Protected by electorates",IF(Settings!$C$20=0,MIN(BS19-(2*BL19-1)*$D$12,BS19-Settings!$B$5),BS19-(2*BL19-1)*$D$12)),""),"") | BP19: =IF($B$12=1,IF(OR(BS19>=Settings!$B$5,Settings!$C$20>0),MAX(0,MIN(1,(BS19/$C$12-(2*MAX(BL19,Settings!$C$20)-1))/2)),MIN(1,BS19/Settings!$B$5)),"") -> 0.96 | BQ19: =IF(AND($B$12=1,COUNTIF(C19:BJ19,$C$12)>0),1,0) -> 0 | BR19: =IF(AND($B$12=1,COUNTIF(C19:BJ19,$D$12)>0),1,0) -> 0 | BS19: =N(IF(Polls!N7="",Polls!N37,Polls!N7)) -> 0.048 | BT19: =IF(OR(BS19>=Settings!$B$5,Settings!$C$20>0),"Next seat","Threshold") -> Threshold
A21: =Polls!A8 -> Verian 5 Oct | B21: =IF(SUM(BS22:BS28)>0,1,0) -> 1 | C21: =IF(B21=1,LARGE(C22:BJ28,Settings!$B$4),0) -> 0.0041791045 | D21: =IF(B21=1,LARGE(C22:BJ28,Settings!$B$4+1),0) -> 0.0041176471 | E21: =IF(B21=1,IFERROR(INDEX(A22:A28,MATCH(1,BQ22:BQ28,0)),""),"") -> LAB | F21: =IF(B21=1,IFERROR(INDEX(A22:A28,MATCH(1,BR22:BR28,0)),""),"") -> OPP | G21: =IF(B21=1,SUM(BM22:BM28)+Settings!$B$10,"") -> 123
A22: NAT | B22: =IF(OR(BS22>=Settings!$B$5,Settings!$C$14>0),BS22,0) -> 0.29 | C22: =$B22/C$1 -> 0.29 | D22: =$B22/D$1 -> 0.096666667 | E22: =$B22/E$1 -> 0.058 | F22: =$B22/F$1 -> 0.041428571 | G22: =$B22/G$1 -> 0.032222222 | H22: =$B22/H$1 -> 0.026363636 | I22: =$B22/I$1 -> 0.022307692 | J22: =$B22/J$1 -> 0.019333333 | ... BJ22: =$B22/BJ$1 -> 0.0024369748 | BL22: =IF($B$21=1,COUNTIF(C22:BJ22,">="&$C$21),0) -> 35 | BM22: =IF($B$21=1,IF(OR(BS22>=Settings!$B$5,Settings!$C$14>0),MAX(BL22,Settings!$C$14),0),0) -> 35 | BN22: =IF($B$21=1,IF(OR(BS22>=Settings!$B$5,Settings!$C$14>0),MAX(0,(2*MAX(BL22,Settings!$C$14)+1)*$C$21-BS22),MAX(0,Settings!$B$5-BS22)),"") -> 0.0067164179 | BO22: =IF($B$21=1,IF(OR(BS22>=Settings!$B$5,Settings!$C$14>0),IF(BL22<=Settings!$C$14,"Protected by electorates",IF(Settings!$C$14=0,MIN(BS22-(2*BL22-1)*$D$21,BS22-Settings!$B$5),BS22-(2*BL22-1)*$D$21)),""),"") -> 0.0058823529 | BP22: =IF($B$21=1,IF(OR(BS22>=Settings!$B$5,Settings!$C$14>0),MAX(0,MIN(1,(BS22/$C$21-(2*MAX(BL22,Settings!$C$14)-1))/2)),MIN(1,BS22/Settings!$B$5)),"") -> 0.19642857 | BQ22: =IF(AND($B$21=1,COUNTIF(C22:BJ22,$C$21)>0),1,0) -> 0 | BR22: =IF(AND($B$21=1,COUNTIF(C22:BJ22,$D$21)>0),1,0) -> 0 | BS22: =N(IF(Polls!H8="",Polls!H37,Polls!H8)) -> 0.29 | BT22: =IF(OR(BS22>=Settings!$B$5,Settings!$C$14>0),"Next seat","Threshold") -> Next seat
A23: LAB | B23: =IF(OR(BS23>=Settings!$B$5,Settings!$C$15>0),BS23,0) -> 0.28 | C23: =$B23/C$1 -> 0.28 | D23: =$B23/D$1 -> 0.093333333 | E23: =$B23/E$1 -> 0.056 | F23: =$B23/F$1 -> 0.04 | G23: =$B23/G$1 -> 0.031111111 | H23: =$B23/H$1 -> 0.025454545 | I23: =$B23/I$1 -> 0.021538462 | J23: =$B23/J$1 -> 0.018666667 | ... BJ23: =$B23/BJ$1 -> 0.0023529412 | BL23: =IF($B$21=1,COUNTIF(C23:BJ23,">="&$C$21),0) -> 34 | BM23: =IF($B$21=1,IF(OR(BS23>=Settings!$B$5,Settings!$C$15>0),MAX(BL23,Settings!$C$15),0),0) -> 34 | BN23: =IF($B$21=1,IF(OR(BS23>=Settings!$B$5,Settings!$C$15>0),MAX(0,(2*MAX(BL23,Settings!$C$15)+1)*$C$21-BS23),MAX(0,Settings!$B$5-BS23)),"") -> 0.008358209 | BO23: =IF($B$21=1,IF(OR(BS23>=Settings!$B$5,Settings!$C$15>0),IF(BL23<=Settings!$C$15,"Protected by electorates",IF(Settings!$C$15=0,MIN(BS23-(2*BL23-1)*$D$21,BS23-Settings!$B$5),BS23-(2*BL23-1)*$D$21)),""),"") -> 0.0041176471 | BP23: =IF($B$21=1,IF(OR(BS23>=Settings!$B$5,Settings!$C$15>0),MAX(0,MIN(1,(BS23/$C$21-(2*MAX(BL23,Settings!$C$15)-1))/2)),MIN(1,BS23/Settings!$B$5)),"") -> 0 | BQ23: =IF(AND($B$21=1,COUNTIF(C23:BJ23,$C$21)>0),1,0) -> 1 | BR23: =IF(AND($B$21=1,COUNTIF(C23:BJ23,$D$21)>0),1,0) -> 0 | BS23: =N(IF(Polls!I8="",Polls!I37,Polls!I8)) -> 0.28 | BT23: =IF(OR(BS23>=Settings!$B$5,Settings!$C$15>0),"Next seat","Threshold") -> Next seat
A24: GRN | B24: =IF(OR(BS24>=Settings!$B$5,Settings!$C$16>0),BS24,0) -> 0.16 | C24: =$B24/C$1 -> 0.16 | D24: =$B24/D$1 -> 0.053333333 | E24: =$B24/E$1 -> 0.032 | F24: =$B24/F$1 -> 0.022857143 | G24: =$B24/G$1 -> 0.017777778 | H24: =$B24/H$1 -> 0.014545455 | I24: =$B24/I$1 -> 0.012307692 | J24: =$B24/J$1 -> 0.010666667 | ... BJ24: =$B24/BJ$1 -> 0.0013445378 | BL24: =IF($B$21=1,COUNTIF(C24:BJ24,">="&$C$21),0) -> 19 | BM24: =IF($B$21=1,IF(OR(BS24>=Settings!$B$5,Settings!$C$16>0),MAX(BL24,Settings!$C$16),0),0) -> 19 | BN24: =IF($B$21=1,IF(OR(BS24>=Settings!$B$5,Settings!$C$16>0),MAX(0,(2*MAX(BL24,Settings!$C$16)+1)*$C$21-BS24),MAX(0,Settings!$B$5-BS24)),"") -> 0.0029850746 | BO24: =IF($B$21=1,IF(OR(BS24>=Settings!$B$5,Settings!$C$16>0),IF(BL24<=Settings!$C$16,"Protected by electorates",IF(Settings!$C$16=0,MIN(BS24-(2*BL24-1)*$D$21,BS24-Settings!$B$5),BS24-(2*BL24-1)*$D$21)),""),"") -> 0.0076470588 | BP24: =IF($B$21=1,IF(OR(BS24>=Settings!$B$5,Settings!$C$16>0),MAX(0,MIN(1,(BS24/$C$21-(2*MAX(BL24,Settings!$C$16)-1))/2)),MIN(1,BS24/Settings!$B$5)),"") -> 0.64285714 | BQ24: =IF(AND($B$21=1,COUNTIF(C24:BJ24,$C$21)>0),1,0) -> 0 | BR24: =IF(AND($B$21=1,COUNTIF(C24:BJ24,$D$21)>0),1,0) -> 0 | BS24: =N(IF(Polls!J8="",Polls!J37,Polls!J8)) -> 0.16 | BT24: =IF(OR(BS24>=Settings!$B$5,Settings!$C$16>0),"Next seat","Threshold") -> Next seat
A25: ACT | B25: =IF(OR(BS25>=Settings!$B$5,Settings!$C$17>0),BS25,0) -> 0.09 | C25: =$B25/C$1 -> 0.09 | D25: =$B25/D$1 -> 0.03 | E25: =$B25/E$1 -> 0.018 | F25: =$B25/F$1 -> 0.012857143 | G25: =$B25/G$1 -> 0.01 | H25: =$B25/H$1 -> 0.0081818182 | I25: =$B25/I$1 -> 0.0069230769 | J25: =$B25/J$1 -> 0.006 | ... BJ25: =$B25/BJ$1 -> 0.00075630252 | BL25: =IF($B$21=1,COUNTIF(C25:BJ25,">="&$C$21),0) -> 11 | BM25: =IF($B$21=1,IF(OR(BS25>=Settings!$B$5,Settings!$C$17>0),MAX(BL25,Settings!$C$17),0),0) -> 11 | BN25: =IF($B$21=1,IF(OR(BS25>=Settings!$B$5,Settings!$C$17>0),MAX(0,(2*MAX(BL25,Settings!$C$17)+1)*$C$21-BS25),MAX(0,Settings!$B$5-BS25)),"") -> 0.006119403 | BO25: =IF($B$21=1,IF(OR(BS25>=Settings!$B$5,Settings!$C$17>0),IF(BL25<=Settings!$C$17,"Protected by electorates",IF(Settings!$C$17=0,MIN(BS25-(2*BL25-1)*$D$21,BS25-Settings!$B$5),BS25-(2*BL25-1)*$D$21)),""),"") -> 0.0035294118 | BP25: =IF($B$21=1,IF(OR(BS25>=Settings!$B$5,Settings!$C$17>0),MAX(0,MIN(1,(BS25/$C$21-(2*MAX(BL25,Settings!$C$17)-1))/2)),MIN(1,BS25/Settings!$B$5)),"") -> 0.26785714 | BQ25: =IF(AND($B$21=1,COUNTIF(C25:BJ25,$C$21)>0),1,0) -> 0 | BR25: =IF(AND($B$21=1,COUNTIF(C25:BJ25,$D$21)>0),1,0) -> 0 | BS25: =N(IF(Polls!K8="",Polls!K37,Polls!K8)) -> 0.09 | BT25: =IF(OR(BS25>=Settings!$B$5,Settings!$C$17>0),"Next seat","Threshold") -> Next seat
A26: NZF | B26: =IF(OR(BS26>=Settings!$B$5,Settings!$C$18>0),BS26,0) -> 0.1 | C26: =$B26/C$1 -> 0.1 | D26: =$B26/D$1 -> 0.033333333 | E26: =$B26/E$1 -> 0.02 | F26: =$B26/F$1 -> 0.014285714 | G26: =$B26/G$1 -> 0.011111111 | H26: =$B26/H$1 -> 0.0090909091 | I26: =$B26/I$1 -> 0.0076923077 | J26: =$B26/J$1 -> 0.0066666667 | ... BJ26: =$B26/BJ$1 -> 0.00084033613 | BL26: =IF($B$21=1,COUNTIF(C26:BJ26,">="&$C$21),0) -> 12 | BM26: =IF($B$21=1,IF(OR(BS26>=Settings!$B$5,Settings!$C$18>0),MAX(BL26,Settings!$C$18),0),0) -> 12 | BN26: =IF($B$21=1,IF(OR(BS26>=Settings!$B$5,Settings!$C$18>0),MAX(0,(2*MAX(BL26,Settings!$C$18)+1)*$C$21-BS26),MAX(0,Settings!$B$5-BS26)),"") -> 0.0044776119 | BO26: =IF($B$21=1,IF(OR(BS26>=Settings!$B$5,Settings!$C$18>0),IF(BL26<=Settings!$C$18,"Protected by electorates",IF(Settings!$C$18=0,MIN(BS26-(2*BL26-1)*$D$21,BS26-Settings!$B$5),BS26-(2*BL26-1)*$D$21)),""),"") -> 0.0052941176 | BP26: =IF($B$21=1,IF(OR(BS26>=Settings!$B$5,Settings!$C$18>0),MAX(0,MIN(1,(BS26/$C$21-(2*MAX(BL26,Settings!$C$18)-1))/2)),MIN(1,BS26/Settings!$B$5)),"") -> 0.46428571 | BQ26: =IF(AND($B$21=1,COUNTIF(C26:BJ26,$C$21)>0),1,0) -> 0 | BR26: =IF(AND($B$21=1,COUNTIF(C26:BJ26,$D$21)>0),1,0) -> 0 | BS26: =N(IF(Polls!L8="",Polls!L37,Polls!L8)) -> 0.1 | BT26: =IF(OR(BS26>=Settings!$B$5,Settings!$C$18>0),"Next seat","Threshold") -> Next seat
A27: TPM | B27: =IF(OR(BS27>=Settings!$B$5,Settings!$C$19>0),BS27,0) -> 0.006 | C27: =$B27/C$1 -> 0.006 | D27: =$B27/D$1 -> 0.002 | E27: =$B27/E$1 -> 0.0012 | F27: =$B27/F$1 -> 0.00085714286 | G27: =$B27/G$1 -> 0.00066666667 | H27: =$B27/H$1 -> 0.00054545455 | I27: =$B27/I$1 -> 0.00046153846 | J27: =$B27/J$1 -> 0.0004 | ... BJ27: =$B27/BJ$1 -> 5.0420168e-05 | BL27: =IF($B$21=1,COUNTIF(C27:BJ27,">="&$C$21),0) -> 1 | BM27: =IF($B$21=1,IF(OR(BS27>=Settings!$B$5,Settings!$C$19>0),MAX(BL27,Settings!$C$19),0),0) -> 4 | BN27: =IF($B$21=1,IF(OR(BS27>=Settings!$B$5,Settings!$C$19>0),MAX(0,(2*MAX(BL27,Settings!$C$19)+1)*$C$21-BS27),MAX(0,Settings!$B$5-BS27)),"") -> 0.03161194 | BO27: =IF($B$21=1,IF(OR(BS27>=Settings!$B$5,Settings!$C$19>0),IF(BL27<=Settings!$C$19,"Protected by electorates",IF(Settings!$C$19=0,MIN(BS27-(2*BL27-1)*$D$21,BS27-Settings!$B$5),BS27-(2*BL27-1)*$D$21)),""),"") -> Protected by electorates | BP27: =IF($B$21=1,IF(OR(BS27>=Settings!$B$5,Settings!$C$19>0),MAX(0,MIN(1,(BS27/$C$21-(2*MAX(BL27,Settings!$C$19)-1))/2)),MIN(1,BS27/Settings!$B$5)),"") -> 0 | BQ27: =IF(AND($B$21=1,COUNTIF(C27:BJ27,$C$21)>0),1,0) -> 0 | BR27: =IF(AND($B$21=1,COUNTIF(C27:BJ27,$D$21)>0),1,0) -> 0 | BS27: =N(IF(Polls!M8="",Polls!M37,Polls!M8)) -> 0.006 | BT27: =IF(OR(BS27>=Settings!$B$5,Settings!$C$19>0),"Next seat","Threshold") -> Next seat
A28: OPP | B28: =IF(OR(BS28>=Settings!$B$5,Settings!$C$20>0),BS28,0) -> 0.07 | C28: =$B28/C$1 -> 0.07 | D28: =$B28/D$1 -> 0.023333333 | E28: =$B28/E$1 -> 0.014 | F28: =$B28/F$1 -> 0.01 | G28: =$B28/G$1 -> 0.0077777778 | H28: =$B28/H$1 -> 0.0063636364 | I28: =$B28/I$1 -> 0.0053846154 | J28: =$B28/J$1 -> 0.0046666667 | ... BJ28: =$B28/BJ$1 -> 0.00058823529 | BL28: =IF($B$21=1,COUNTIF(C28:BJ28,">="&$C$21),0) -> 8 | BM28: =IF($B$21=1,IF(OR(BS28>=Settings!$B$5,Settings!$C$20>0),MAX(BL28,Settings!$C$20),0),0) -> 8 | BN28: =IF($B$21=1,IF(OR(BS28>=Settings!$B$5,Settings!$C$20>0),MAX(0,(2*MAX(BL28,Settings!$C$20)+1)*$C$21-BS28),MAX(0,Settings!$B$5-BS28)),"") -> 0.0010447761 | BO28: =IF($B$21=1,IF(OR(BS28>=Settings!$B$5,Settings!$C$20>0),IF(BL28<=Settings!$C$20,"Protected by electorates",IF(Settings!$C$20=0,MIN(BS28-(2*BL28-1)*$D$21,BS28-Settings!$B$5),BS28-(2*BL28-1)*$D$21)),""),"") -> 0.0082352941 | BP28: =IF($B$21=1,IF(OR(BS28>=Settings!$B$5,Settings!$C$20>0),MAX(0,MIN(1,(BS28/$C$21-(2*MAX(BL28,Settings!$C$20)-1))/2)),MIN(1,BS28/Settings!$B$5)),"") -> 0.875 | BQ28: =IF(AND($B$21=1,COUNTIF(C28:BJ28,$C$21)>0),1,0) -> 0 | BR28: =IF(AND($B$21=1,COUNTIF(C28:BJ28,$D$21)>0),1,0) -> 1 | BS28: =N(IF(Polls!N8="",Polls!N37,Polls!N8)) -> 0.07 | BT28: =IF(OR(BS28>=Settings!$B$5,Settings!$C$20>0),"Next seat","Threshold") -> Next seat
A30: =Polls!A9 -> Reid Oct | B30: =IF(SUM(BS31:BS37)>0,1,0) -> 1 | C30: =IF(B30=1,LARGE(C31:BJ37,Settings!$B$4),0) -> 0.0041111111 | D30: =IF(B30=1,LARGE(C31:BJ37,Settings!$B$4+1),0) -> 0.0041066667 | E30: =IF(B30=1,IFERROR(INDEX(A31:A37,MATCH(1,BQ31:BQ37,0)),""),"") -> NAT | F30: =IF(B30=1,IFERROR(INDEX(A31:A37,MATCH(1,BR31:BR37,0)),""),"") -> LAB | G30: =IF(B30=1,SUM(BM31:BM37)+Settings!$B$10,"") -> 122
A31: NAT | B31: =IF(OR(BS31>=Settings!$B$5,Settings!$C$14>0),BS31,0) -> 0.259 | C31: =$B31/C$1 -> 0.259 | D31: =$B31/D$1 -> 0.086333333 | E31: =$B31/E$1 -> 0.0518 | F31: =$B31/F$1 -> 0.037 | G31: =$B31/G$1 -> 0.028777778 | H31: =$B31/H$1 -> 0.023545455 | I31: =$B31/I$1 -> 0.019923077 | J31: =$B31/J$1 -> 0.017266667 | ... BJ31: =$B31/BJ$1 -> 0.0021764706 | BL31: =IF($B$30=1,COUNTIF(C31:BJ31,">="&$C$30),0) -> 32 | BM31: =IF($B$30=1,IF(OR(BS31>=Settings!$B$5,Settings!$C$14>0),MAX(BL31,Settings!$C$14),0),0) -> 32 | BN31: =IF($B$30=1,IF(OR(BS31>=Settings!$B$5,Settings!$C$14>0),MAX(0,(2*MAX(BL31,Settings!$C$14)+1)*$C$30-BS31),MAX(0,Settings!$B$5-BS31)),"") -> 0.0082222222 | BO31: =IF($B$30=1,IF(OR(BS31>=Settings!$B$5,Settings!$C$14>0),IF(BL31<=Settings!$C$14,"Protected by electorates",IF(Settings!$C$14=0,MIN(BS31-(2*BL31-1)*$D$30,BS31-Settings!$B$5),BS31-(2*BL31-1)*$D$30)),""),"") -> 0.00028 | BP31: =IF($B$30=1,IF(OR(BS31>=Settings!$B$5,Settings!$C$14>0),MAX(0,MIN(1,(BS31/$C$30-(2*MAX(BL31,Settings!$C$14)-1))/2)),MIN(1,BS31/Settings!$B$5)),"") -> 0 | BQ31: =IF(AND($B$30=1,COUNTIF(C31:BJ31,$C$30)>0),1,0) -> 1 | BR31: =IF(AND($B$30=1,COUNTIF(C31:BJ31,$D$30)>0),1,0) -> 0 | BS31: =N(IF(Polls!H9="",Polls!H37,Polls!H9)) -> 0.259 | BT31: =IF(OR(BS31>=Settings!$B$5,Settings!$C$14>0),"Next seat","Threshold") -> Next seat
A32: LAB | B32: =IF(OR(BS32>=Settings!$B$5,Settings!$C$15>0),BS32,0) -> 0.308 | C32: =$B32/C$1 -> 0.308 | D32: =$B32/D$1 -> 0.10266667 | E32: =$B32/E$1 -> 0.0616 | F32: =$B32/F$1 -> 0.044 | G32: =$B32/G$1 -> 0.034222222 | H32: =$B32/H$1 -> 0.028 | I32: =$B32/I$1 -> 0.023692308 | J32: =$B32/J$1 -> 0.020533333 | ... BJ32: =$B32/BJ$1 -> 0.0025882353 | BL32: =IF($B$30=1,COUNTIF(C32:BJ32,">="&$C$30),0) -> 37 | BM32: =IF($B$30=1,IF(OR(BS32>=Settings!$B$5,Settings!$C$15>0),MAX(BL32,Settings!$C$15),0),0) -> 37 | BN32: =IF($B$30=1,IF(OR(BS32>=Settings!$B$5,Settings!$C$15>0),MAX(0,(2*MAX(BL32,Settings!$C$15)+1)*$C$30-BS32),MAX(0,Settings!$B$5-BS32)),"") -> 0.00033333333 | BO32: =IF($B$30=1,IF(OR(BS32>=Settings!$B$5,Settings!$C$15>0),IF(BL32<=Settings!$C$15,"Protected by electorates",IF(Settings!$C$15=0,MIN(BS32-(2*BL32-1)*$D$30,BS32-Settings!$B$5),BS32-(2*BL32-1)*$D$30)),""),"") -> 0.0082133333 | BP32: =IF($B$30=1,IF(OR(BS32>=Settings!$B$5,Settings!$C$15>0),MAX(0,MIN(1,(BS32/$C$30-(2*MAX(BL32,Settings!$C$15)-1))/2)),MIN(1,BS32/Settings!$B$5)),"") -> 0.95945946 | BQ32: =IF(AND($B$30=1,COUNTIF(C32:BJ32,$C$30)>0),1,0) -> 0 | BR32: =IF(AND($B$30=1,COUNTIF(C32:BJ32,$D$30)>0),1,0) -> 1 | BS32: =N(IF(Polls!I9="",Polls!I37,Polls!I9)) -> 0.308 | BT32: =IF(OR(BS32>=Settings!$B$5,Settings!$C$15>0),"Next seat","Threshold") -> Next seat
A33: GRN | B33: =IF(OR(BS33>=Settings!$B$5,Settings!$C$16>0),BS33,0) -> 0.148 | C33: =$B33/C$1 -> 0.148 | D33: =$B33/D$1 -> 0.049333333 | E33: =$B33/E$1 -> 0.0296 | F33: =$B33/F$1 -> 0.021142857 | G33: =$B33/G$1 -> 0.016444444 | H33: =$B33/H$1 -> 0.013454545 | I33: =$B33/I$1 -> 0.011384615 | J33: =$B33/J$1 -> 0.0098666667 | ... BJ33: =$B33/BJ$1 -> 0.0012436975 | BL33: =IF($B$30=1,COUNTIF(C33:BJ33,">="&$C$30),0) -> 18 | BM33: =IF($B$30=1,IF(OR(BS33>=Settings!$B$5,Settings!$C$16>0),MAX(BL33,Settings!$C$16),0),0) -> 18 | BN33: =IF($B$30=1,IF(OR(BS33>=Settings!$B$5,Settings!$C$16>0),MAX(0,(2*MAX(BL33,Settings!$C$16)+1)*$C$30-BS33),MAX(0,Settings!$B$5-BS33)),"") -> 0.0041111111 | BO33: =IF($B$30=1,IF(OR(BS33>=Settings!$B$5,Settings!$C$16>0),IF(BL33<=Settings!$C$16,"Protected by electorates",IF(Settings!$C$16=0,MIN(BS33-(2*BL33-1)*$D$30,BS33-Settings!$B$5),BS33-(2*BL33-1)*$D$30)),""),"") -> 0.0042666667 | BP33: =IF($B$30=1,IF(OR(BS33>=Settings!$B$5,Settings!$C$16>0),MAX(0,MIN(1,(BS33/$C$30-(2*MAX(BL33,Settings!$C$16)-1))/2)),MIN(1,BS33/Settings!$B$5)),"") -> 0.5 | BQ33: =IF(AND($B$30=1,COUNTIF(C33:BJ33,$C$30)>0),1,0) -> 0 | BR33: =IF(AND($B$30=1,COUNTIF(C33:BJ33,$D$30)>0),1,0) -> 0 | BS33: =N(IF(Polls!J9="",Polls!J37,Polls!J9)) -> 0.148 | BT33: =IF(OR(BS33>=Settings!$B$5,Settings!$C$16>0),"Next seat","Threshold") -> Next seat
A34: ACT | B34: =IF(OR(BS34>=Settings!$B$5,Settings!$C$17>0),BS34,0) -> 0.09 | C34: =$B34/C$1 -> 0.09 | D34: =$B34/D$1 -> 0.03 | E34: =$B34/E$1 -> 0.018 | F34: =$B34/F$1 -> 0.012857143 | G34: =$B34/G$1 -> 0.01 | H34: =$B34/H$1 -> 0.0081818182 | I34: =$B34/I$1 -> 0.0069230769 | J34: =$B34/J$1 -> 0.006 | ... BJ34: =$B34/BJ$1 -> 0.00075630252 | BL34: =IF($B$30=1,COUNTIF(C34:BJ34,">="&$C$30),0) -> 11 | BM34: =IF($B$30=1,IF(OR(BS34>=Settings!$B$5,Settings!$C$17>0),MAX(BL34,Settings!$C$17),0),0) -> 11 | BN34: =IF($B$30=1,IF(OR(BS34>=Settings!$B$5,Settings!$C$17>0),MAX(0,(2*MAX(BL34,Settings!$C$17)+1)*$C$30-BS34),MAX(0,Settings!$B$5-BS34)),"") -> 0.0045555556 | BO34: =IF($B$30=1,IF(OR(BS34>=Settings!$B$5,Settings!$C$17>0),IF(BL34<=Settings!$C$17,"Protected by electorates",IF(Settings!$C$17=0,MIN(BS34-(2*BL34-1)*$D$30,BS34-Settings!$B$5),BS34-(2*BL34-1)*$D$30)),""),"") -> 0.00376 | BP34: =IF($B$30=1,IF(OR(BS34>=Settings!$B$5,Settings!$C$17>0),MAX(0,MIN(1,(BS34/$C$30-(2*MAX(BL34,Settings!$C$17)-1))/2)),MIN(1,BS34/Settings!$B$5)),"") -> 0.44594595 | BQ34: =IF(AND($B$30=1,COUNTIF(C34:BJ34,$C$30)>0),1,0) -> 0 | BR34: =IF(AND($B$30=1,COUNTIF(C34:BJ34,$D$30)>0),1,0) -> 0 | BS34: =N(IF(Polls!K9="",Polls!K37,Polls!K9)) -> 0.09 | BT34: =IF(OR(BS34>=Settings!$B$5,Settings!$C$17>0),"Next seat","Threshold") -> Next seat
A35: NZF | B35: =IF(OR(BS35>=Settings!$B$5,Settings!$C$18>0),BS35,0) -> 0.106 | C35: =$B35/C$1 -> 0.106 | D35: =$B35/D$1 -> 0.035333333 | E35: =$B35/E$1 -> 0.0212 | F35: =$B35/F$1 -> 0.015142857 | G35: =$B35/G$1 -> 0.011777778 | H35: =$B35/H$1 -> 0.0096363636 | I35: =$B35/I$1 -> 0.0081538462 | J35: =$B35/J$1 -> 0.0070666667 | ... BJ35: =$B35/BJ$1 -> 0.0008907563 | BL35: =IF($B$30=1,COUNTIF(C35:BJ35,">="&$C$30),0) -> 13 | BM35: =IF($B$30=1,IF(OR(BS35>=Settings!$B$5,Settings!$C$18>0),MAX(BL35,Settings!$C$18),0),0) -> 13 | BN35: =IF($B$30=1,IF(OR(BS35>=Settings!$B$5,Settings!$C$18>0),MAX(0,(2*MAX(BL35,Settings!$C$18)+1)*$C$30-BS35),MAX(0,Settings!$B$5-BS35)),"") -> 0.005 | BO35: =IF($B$30=1,IF(OR(BS35>=Settings!$B$5,Settings!$C$18>0),IF(BL35<=Settings!$C$18,"Protected by electorates",IF(Settings!$C$18=0,MIN(BS35-(2*BL35-1)*$D$30,BS35-Settings!$B$5),BS35-(2*BL35-1)*$D$30)),""),"") -> 0.0033333333 | BP35: =IF($B$30=1,IF(OR(BS35>=Settings!$B$5,Settings!$C$18>0),MAX(0,MIN(1,(BS35/$C$30-(2*MAX(BL35,Settings!$C$18)-1))/2)),MIN(1,BS35/Settings!$B$5)),"") -> 0.39189189 | BQ35: =IF(AND($B$30=1,COUNTIF(C35:BJ35,$C$30)>0),1,0) -> 0 | BR35: =IF(AND($B$30=1,COUNTIF(C35:BJ35,$D$30)>0),1,0) -> 0 | BS35: =N(IF(Polls!L9="",Polls!L37,Polls!L9)) -> 0.106 | BT35: =IF(OR(BS35>=Settings!$B$5,Settings!$C$18>0),"Next seat","Threshold") -> Next seat
A36: TPM | B36: =IF(OR(BS36>=Settings!$B$5,Settings!$C$19>0),BS36,0) -> 0.0145 | C36: =$B36/C$1 -> 0.0145 | D36: =$B36/D$1 -> 0.0048333333 | E36: =$B36/E$1 -> 0.0029 | F36: =$B36/F$1 -> 0.0020714286 | G36: =$B36/G$1 -> 0.0016111111 | H36: =$B36/H$1 -> 0.0013181818 | I36: =$B36/I$1 -> 0.0011153846 | J36: =$B36/J$1 -> 0.00096666667 | ... BJ36: =$B36/BJ$1 -> 0.00012184874 | BL36: =IF($B$30=1,COUNTIF(C36:BJ36,">="&$C$30),0) -> 2 | BM36: =IF($B$30=1,IF(OR(BS36>=Settings!$B$5,Settings!$C$19>0),MAX(BL36,Settings!$C$19),0),0) -> 4 | BN36: =IF($B$30=1,IF(OR(BS36>=Settings!$B$5,Settings!$C$19>0),MAX(0,(2*MAX(BL36,Settings!$C$19)+1)*$C$30-BS36),MAX(0,Settings!$B$5-BS36)),"") -> 0.0225 | BO36: =IF($B$30=1,IF(OR(BS36>=Settings!$B$5,Settings!$C$19>0),IF(BL36<=Settings!$C$19,"Protected by electorates",IF(Settings!$C$19=0,MIN(BS36-(2*BL36-1)*$D$30,BS36-Settings!$B$5),BS36-(2*BL36-1)*$D$30)),""),"") -> Protected by electorates | BP36: =IF($B$30=1,IF(OR(BS36>=Settings!$B$5,Settings!$C$19>0),MAX(0,MIN(1,(BS36/$C$30-(2*MAX(BL36,Settings!$C$19)-1))/2)),MIN(1,BS36/Settings!$B$5)),"") -> 0 | BQ36: =IF(AND($B$30=1,COUNTIF(C36:BJ36,$C$30)>0),1,0) -> 0 | BR36: =IF(AND($B$30=1,COUNTIF(C36:BJ36,$D$30)>0),1,0) -> 0 | BS36: =N(IF(Polls!M9="",Polls!M37,Polls!M9)) -> 0.0145 | BT36: =IF(OR(BS36>=Settings!$B$5,Settings!$C$19>0),"Next seat","Threshold") -> Next seat
A37: OPP | B37: =IF(OR(BS37>=Settings!$B$5,Settings!$C$20>0),BS37,0) -> 0.055 | C37: =$B37/C$1 -> 0.055 | D37: =$B37/D$1 -> 0.018333333 | E37: =$B37/E$1 -> 0.011 | F37: =$B37/F$1 -> 0.0078571429 | G37: =$B37/G$1 -> 0.0061111111 | H37: =$B37/H$1 -> 0.005 | I37: =$B37/I$1 -> 0.0042307692 | J37: =$B37/J$1 -> 0.0036666667 | ... BJ37: =$B37/BJ$1 -> 0.00046218487 | BL37: =IF($B$30=1,COUNTIF(C37:BJ37,">="&$C$30),0) -> 7 | BM37: =IF($B$30=1,IF(OR(BS37>=Settings!$B$5,Settings!$C$20>0),MAX(BL37,Settings!$C$20),0),0) -> 7 | BN37: =IF($B$30=1,IF(OR(BS37>=Settings!$B$5,Settings!$C$20>0),MAX(0,(2*MAX(BL37,Settings!$C$20)+1)*$C$30-BS37),MAX(0,Settings!$B$5-BS37)),"") -> 0.0066666667 | BO37: =IF($B$30=1,IF(OR(BS37>=Settings!$B$5,Settings!$C$20>0),IF(BL37<=Settings!$C$20,"Protected by electorates",IF(Settings!$C$20=0,MIN(BS37-(2*BL37-1)*$D$30,BS37-Settings!$B$5),BS37-(2*BL37-1)*$D$30)),""),"") -> 0.0016133333 | BP37: =IF($B$30=1,IF(OR(BS37>=Settings!$B$5,Settings!$C$20>0),MAX(0,MIN(1,(BS37/$C$30-(2*MAX(BL37,Settings!$C$20)-1))/2)),MIN(1,BS37/Settings!$B$5)),"") -> 0.18918919 | BQ37: =IF(AND($B$30=1,COUNTIF(C37:BJ37,$C$30)>0),1,0) -> 0 | BR37: =IF(AND($B$30=1,COUNTIF(C37:BJ37,$D$30)>0),1,0) -> 0 | BS37: =N(IF(Polls!N9="",Polls!N37,Polls!N9)) -> 0.055 | BT37: =IF(OR(BS37>=Settings!$B$5,Settings!$C$20>0),"Next seat","Threshold") -> Next seat
A39: =Polls!A10 -> Verian 27 Sep | B39: =IF(SUM(BS40:BS46)>0,1,0) -> 1 | C39: =IF(B39=1,LARGE(C40:BJ46,Settings!$B$4),0) -> 0.0041025641 | D39: =IF(B39=1,LARGE(C40:BJ46,Settings!$B$4+1),0) -> 0.0040740741 | E39: =IF(B39=1,IFERROR(INDEX(A40:A46,MATCH(1,BQ40:BQ46,0)),""),"") -> GRN | F39: =IF(B39=1,IFERROR(INDEX(A40:A46,MATCH(1,BR40:BR46,0)),""),"") -> ACT | G39: =IF(B39=1,SUM(BM40:BM46)+Settings!$B$10,"") -> 123
A40: NAT | B40: =IF(OR(BS40>=Settings!$B$5,Settings!$C$14>0),BS40,0) -> 0.28 | C40: =$B40/C$1 -> 0.28 | D40: =$B40/D$1 -> 0.093333333 | E40: =$B40/E$1 -> 0.056 | F40: =$B40/F$1 -> 0.04 | G40: =$B40/G$1 -> 0.031111111 | H40: =$B40/H$1 -> 0.025454545 | I40: =$B40/I$1 -> 0.021538462 | J40: =$B40/J$1 -> 0.018666667 | ... BJ40: =$B40/BJ$1 -> 0.0023529412 | BL40: =IF($B$39=1,COUNTIF(C40:BJ40,">="&$C$39),0) -> 34 | BM40: =IF($B$39=1,IF(OR(BS40>=Settings!$B$5,Settings!$C$14>0),MAX(BL40,Settings!$C$14),0),0) -> 34 | BN40: =IF($B$39=1,IF(OR(BS40>=Settings!$B$5,Settings!$C$14>0),MAX(0,(2*MAX(BL40,Settings!$C$14)+1)*$C$39-BS40),MAX(0,Settings!$B$5-BS40)),"") -> 0.0030769231 | BO40: =IF($B$39=1,IF(OR(BS40>=Settings!$B$5,Settings!$C$14>0),IF(BL40<=Settings!$C$14,"Protected by electorates",IF(Settings!$C$14=0,MIN(BS40-(2*BL40-1)*$D$39,BS40-Settings!$B$5),BS40-(2*BL40-1)*$D$39)),""),"") -> 0.007037037 | BP40: =IF($B$39=1,IF(OR(BS40>=Settings!$B$5,Settings!$C$14>0),MAX(0,MIN(1,(BS40/$C$39-(2*MAX(BL40,Settings!$C$14)-1))/2)),MIN(1,BS40/Settings!$B$5)),"") -> 0.625 | BQ40: =IF(AND($B$39=1,COUNTIF(C40:BJ40,$C$39)>0),1,0) -> 0 | BR40: =IF(AND($B$39=1,COUNTIF(C40:BJ40,$D$39)>0),1,0) -> 0 | BS40: =N(IF(Polls!H10="",Polls!H37,Polls!H10)) -> 0.28 | BT40: =IF(OR(BS40>=Settings!$B$5,Settings!$C$14>0),"Next seat","Threshold") -> Next seat
A41: LAB | B41: =IF(OR(BS41>=Settings!$B$5,Settings!$C$15>0),BS41,0) -> 0.28 | C41: =$B41/C$1 -> 0.28 | D41: =$B41/D$1 -> 0.093333333 | E41: =$B41/E$1 -> 0.056 | F41: =$B41/F$1 -> 0.04 | G41: =$B41/G$1 -> 0.031111111 | H41: =$B41/H$1 -> 0.025454545 | I41: =$B41/I$1 -> 0.021538462 | J41: =$B41/J$1 -> 0.018666667 | ... BJ41: =$B41/BJ$1 -> 0.0023529412 | BL41: =IF($B$39=1,COUNTIF(C41:BJ41,">="&$C$39),0) -> 34 | BM41: =IF($B$39=1,IF(OR(BS41>=Settings!$B$5,Settings!$C$15>0),MAX(BL41,Settings!$C$15),0),0) -> 34 | BN41: =IF($B$39=1,IF(OR(BS41>=Settings!$B$5,Settings!$C$15>0),MAX(0,(2*MAX(BL41,Settings!$C$15)+1)*$C$39-BS41),MAX(0,Settings!$B$5-BS41)),"") -> 0.0030769231 | BO41: =IF($B$39=1,IF(OR(BS41>=Settings!$B$5,Settings!$C$15>0),IF(BL41<=Settings!$C$15,"Protected by electorates",IF(Settings!$C$15=0,MIN(BS41-(2*BL41-1)*$D$39,BS41-Settings!$B$5),BS41-(2*BL41-1)*$D$39)),""),"") -> 0.007037037 | BP41: =IF($B$39=1,IF(OR(BS41>=Settings!$B$5,Settings!$C$15>0),MAX(0,MIN(1,(BS41/$C$39-(2*MAX(BL41,Settings!$C$15)-1))/2)),MIN(1,BS41/Settings!$B$5)),"") -> 0.625 | BQ41: =IF(AND($B$39=1,COUNTIF(C41:BJ41,$C$39)>0),1,0) -> 0 | BR41: =IF(AND($B$39=1,COUNTIF(C41:BJ41,$D$39)>0),1,0) -> 0 | BS41: =N(IF(Polls!I10="",Polls!I37,Polls!I10)) -> 0.28 | BT41: =IF(OR(BS41>=Settings!$B$5,Settings!$C$15>0),"Next seat","Threshold") -> Next seat
A42: GRN | B42: =IF(OR(BS42>=Settings!$B$5,Settings!$C$16>0),BS42,0) -> 0.16 | C42: =$B42/C$1 -> 0.16 | D42: =$B42/D$1 -> 0.053333333 | E42: =$B42/E$1 -> 0.032 | F42: =$B42/F$1 -> 0.022857143 | G42: =$B42/G$1 -> 0.017777778 | H42: =$B42/H$1 -> 0.014545455 | I42: =$B42/I$1 -> 0.012307692 | J42: =$B42/J$1 -> 0.010666667 | ... BJ42: =$B42/BJ$1 -> 0.0013445378 | BL42: =IF($B$39=1,COUNTIF(C42:BJ42,">="&$C$39),0) -> 20 | BM42: =IF($B$39=1,IF(OR(BS42>=Settings!$B$5,Settings!$C$16>0),MAX(BL42,Settings!$C$16),0),0) -> 20 | BN42: =IF($B$39=1,IF(OR(BS42>=Settings!$B$5,Settings!$C$16>0),MAX(0,(2*MAX(BL42,Settings!$C$16)+1)*$C$39-BS42),MAX(0,Settings!$B$5-BS42)),"") -> 0.0082051282 | BO42: =IF($B$39=1,IF(OR(BS42>=Settings!$B$5,Settings!$C$16>0),IF(BL42<=Settings!$C$16,"Protected by electorates",IF(Settings!$C$16=0,MIN(BS42-(2*BL42-1)*$D$39,BS42-Settings!$B$5),BS42-(2*BL42-1)*$D$39)),""),"") -> 0.0011111111 | BP42: =IF($B$39=1,IF(OR(BS42>=Settings!$B$5,Settings!$C$16>0),MAX(0,MIN(1,(BS42/$C$39-(2*MAX(BL42,Settings!$C$16)-1))/2)),MIN(1,BS42/Settings!$B$5)),"") -> 0 | BQ42: =IF(AND($B$39=1,COUNTIF(C42:BJ42,$C$39)>0),1,0) -> 1 | BR42: =IF(AND($B$39=1,COUNTIF(C42:BJ42,$D$39)>0),1,0) -> 0 | BS42: =N(IF(Polls!J10="",Polls!J37,Polls!J10)) -> 0.16 | BT42: =IF(OR(BS42>=Settings!$B$5,Settings!$C$16>0),"Next seat","Threshold") -> Next seat
A43: ACT | B43: =IF(OR(BS43>=Settings!$B$5,Settings!$C$17>0),BS43,0) -> 0.11 | C43: =$B43/C$1 -> 0.11 | D43: =$B43/D$1 -> 0.036666667 | E43: =$B43/E$1 -> 0.022 | F43: =$B43/F$1 -> 0.015714286 | G43: =$B43/G$1 -> 0.012222222 | H43: =$B43/H$1 -> 0.01 | I43: =$B43/I$1 -> 0.0084615385 | J43: =$B43/J$1 -> 0.0073333333 | ... BJ43: =$B43/BJ$1 -> 0.00092436975 | BL43: =IF($B$39=1,COUNTIF(C43:BJ43,">="&$C$39),0) -> 13 | BM43: =IF($B$39=1,IF(OR(BS43>=Settings!$B$5,Settings!$C$17>0),MAX(BL43,Settings!$C$17),0),0) -> 13 | BN43: =IF($B$39=1,IF(OR(BS43>=Settings!$B$5,Settings!$C$17>0),MAX(0,(2*MAX(BL43,Settings!$C$17)+1)*$C$39-BS43),MAX(0,Settings!$B$5-BS43)),"") -> 0.00076923077 | BO43: =IF($B$39=1,IF(OR(BS43>=Settings!$B$5,Settings!$C$17>0),IF(BL43<=Settings!$C$17,"Protected by electorates",IF(Settings!$C$17=0,MIN(BS43-(2*BL43-1)*$D$39,BS43-Settings!$B$5),BS43-(2*BL43-1)*$D$39)),""),"") -> 0.0081481481 | BP43: =IF($B$39=1,IF(OR(BS43>=Settings!$B$5,Settings!$C$17>0),MAX(0,MIN(1,(BS43/$C$39-(2*MAX(BL43,Settings!$C$17)-1))/2)),MIN(1,BS43/Settings!$B$5)),"") -> 0.90625 | BQ43: =IF(AND($B$39=1,COUNTIF(C43:BJ43,$C$39)>0),1,0) -> 0 | BR43: =IF(AND($B$39=1,COUNTIF(C43:BJ43,$D$39)>0),1,0) -> 1 | BS43: =N(IF(Polls!K10="",Polls!K37,Polls!K10)) -> 0.11 | BT43: =IF(OR(BS43>=Settings!$B$5,Settings!$C$17>0),"Next seat","Threshold") -> Next seat
A44: NZF | B44: =IF(OR(BS44>=Settings!$B$5,Settings!$C$18>0),BS44,0) -> 0.09 | C44: =$B44/C$1 -> 0.09 | D44: =$B44/D$1 -> 0.03 | E44: =$B44/E$1 -> 0.018 | F44: =$B44/F$1 -> 0.012857143 | G44: =$B44/G$1 -> 0.01 | H44: =$B44/H$1 -> 0.0081818182 | I44: =$B44/I$1 -> 0.0069230769 | J44: =$B44/J$1 -> 0.006 | ... BJ44: =$B44/BJ$1 -> 0.00075630252 | BL44: =IF($B$39=1,COUNTIF(C44:BJ44,">="&$C$39),0) -> 11 | BM44: =IF($B$39=1,IF(OR(BS44>=Settings!$B$5,Settings!$C$18>0),MAX(BL44,Settings!$C$18),0),0) -> 11 | BN44: =IF($B$39=1,IF(OR(BS44>=Settings!$B$5,Settings!$C$18>0),MAX(0,(2*MAX(BL44,Settings!$C$18)+1)*$C$39-BS44),MAX(0,Settings!$B$5-BS44)),"") -> 0.0043589744 | BO44: =IF($B$39=1,IF(OR(BS44>=Settings!$B$5,Settings!$C$18>0),IF(BL44<=Settings!$C$18,"Protected by electorates",IF(Settings!$C$18=0,MIN(BS44-(2*BL44-1)*$D$39,BS44-Settings!$B$5),BS44-(2*BL44-1)*$D$39)),""),"") -> 0.0044444444 | BP44: =IF($B$39=1,IF(OR(BS44>=Settings!$B$5,Settings!$C$18>0),MAX(0,MIN(1,(BS44/$C$39-(2*MAX(BL44,Settings!$C$18)-1))/2)),MIN(1,BS44/Settings!$B$5)),"") -> 0.46875 | BQ44: =IF(AND($B$39=1,COUNTIF(C44:BJ44,$C$39)>0),1,0) -> 0 | BR44: =IF(AND($B$39=1,COUNTIF(C44:BJ44,$D$39)>0),1,0) -> 0 | BS44: =N(IF(Polls!L10="",Polls!L37,Polls!L10)) -> 0.09 | BT44: =IF(OR(BS44>=Settings!$B$5,Settings!$C$18>0),"Next seat","Threshold") -> Next seat
A45: TPM | B45: =IF(OR(BS45>=Settings!$B$5,Settings!$C$19>0),BS45,0) -> 0.012 | C45: =$B45/C$1 -> 0.012 | D45: =$B45/D$1 -> 0.004 | E45: =$B45/E$1 -> 0.0024 | F45: =$B45/F$1 -> 0.0017142857 | G45: =$B45/G$1 -> 0.0013333333 | H45: =$B45/H$1 -> 0.0010909091 | I45: =$B45/I$1 -> 0.00092307692 | J45: =$B45/J$1 -> 0.0008 | ... BJ45: =$B45/BJ$1 -> 0.00010084034 | BL45: =IF($B$39=1,COUNTIF(C45:BJ45,">="&$C$39),0) -> 1 | BM45: =IF($B$39=1,IF(OR(BS45>=Settings!$B$5,Settings!$C$19>0),MAX(BL45,Settings!$C$19),0),0) -> 4 | BN45: =IF($B$39=1,IF(OR(BS45>=Settings!$B$5,Settings!$C$19>0),MAX(0,(2*MAX(BL45,Settings!$C$19)+1)*$C$39-BS45),MAX(0,Settings!$B$5-BS45)),"") -> 0.024923077 | BO45: =IF($B$39=1,IF(OR(BS45>=Settings!$B$5,Settings!$C$19>0),IF(BL45<=Settings!$C$19,"Protected by electorates",IF(Settings!$C$19=0,MIN(BS45-(2*BL45-1)*$D$39,BS45-Settings!$B$5),BS45-(2*BL45-1)*$D$39)),""),"") -> Protected by electorates | BP45: =IF($B$39=1,IF(OR(BS45>=Settings!$B$5,Settings!$C$19>0),MAX(0,MIN(1,(BS45/$C$39-(2*MAX(BL45,Settings!$C$19)-1))/2)),MIN(1,BS45/Settings!$B$5)),"") -> 0 | BQ45: =IF(AND($B$39=1,COUNTIF(C45:BJ45,$C$39)>0),1,0) -> 0 | BR45: =IF(AND($B$39=1,COUNTIF(C45:BJ45,$D$39)>0),1,0) -> 0 | BS45: =N(IF(Polls!M10="",Polls!M37,Polls!M10)) -> 0.012 | BT45: =IF(OR(BS45>=Settings!$B$5,Settings!$C$19>0),"Next seat","Threshold") -> Next seat
A46: OPP | B46: =IF(OR(BS46>=Settings!$B$5,Settings!$C$20>0),BS46,0) -> 0.06 | C46: =$B46/C$1 -> 0.06 | D46: =$B46/D$1 -> 0.02 | E46: =$B46/E$1 -> 0.012 | F46: =$B46/F$1 -> 0.0085714286 | G46: =$B46/G$1 -> 0.0066666667 | H46: =$B46/H$1 -> 0.0054545455 | I46: =$B46/I$1 -> 0.0046153846 | J46: =$B46/J$1 -> 0.004 | ... BJ46: =$B46/BJ$1 -> 0.00050420168 | BL46: =IF($B$39=1,COUNTIF(C46:BJ46,">="&$C$39),0) -> 7 | BM46: =IF($B$39=1,IF(OR(BS46>=Settings!$B$5,Settings!$C$20>0),MAX(BL46,Settings!$C$20),0),0) -> 7 | BN46: =IF($B$39=1,IF(OR(BS46>=Settings!$B$5,Settings!$C$20>0),MAX(0,(2*MAX(BL46,Settings!$C$20)+1)*$C$39-BS46),MAX(0,Settings!$B$5-BS46)),"") -> 0.0015384615 | BO46: =IF($B$39=1,IF(OR(BS46>=Settings!$B$5,Settings!$C$20>0),IF(BL46<=Settings!$C$20,"Protected by electorates",IF(Settings!$C$20=0,MIN(BS46-(2*BL46-1)*$D$39,BS46-Settings!$B$5),BS46-(2*BL46-1)*$D$39)),""),"") -> 0.007037037 | BP46: =IF($B$39=1,IF(OR(BS46>=Settings!$B$5,Settings!$C$20>0),MAX(0,MIN(1,(BS46/$C$39-(2*MAX(BL46,Settings!$C$20)-1))/2)),MIN(1,BS46/Settings!$B$5)),"") -> 0.8125 | BQ46: =IF(AND($B$39=1,COUNTIF(C46:BJ46,$C$39)>0),1,0) -> 0 | BR46: =IF(AND($B$39=1,COUNTIF(C46:BJ46,$D$39)>0),1,0) -> 0 | BS46: =N(IF(Polls!N10="",Polls!N37,Polls!N10)) -> 0.06 | BT46: =IF(OR(BS46>=Settings!$B$5,Settings!$C$20>0),"Next seat","Threshold") -> Next seat
A48: =Polls!A11 -> Roy Morgan Sep | B48: =IF(SUM(BS49:BS55)>0,1,0) -> 1 | C48: =IF(B48=1,LARGE(C49:BJ55,Settings!$B$4),0) -> 0.0041333333 | D48: =IF(B48=1,LARGE(C49:BJ55,Settings!$B$4+1),0) -> 0.004122807 | E48: =IF(B48=1,IFERROR(INDEX(A49:A55,MATCH(1,BQ49:BQ55,0)),""),"") -> NAT | F48: =IF(B48=1,IFERROR(INDEX(A49:A55,MATCH(1,BR49:BR55,0)),""),"") -> LAB | G48: =IF(B48=1,SUM(BM49:BM55)+Settings!$B$10,"") -> 122
A49: NAT | B49: =IF(OR(BS49>=Settings!$B$5,Settings!$C$14>0),BS49,0) -> 0.31 | C49: =$B49/C$1 -> 0.31 | D49: =$B49/D$1 -> 0.10333333 | E49: =$B49/E$1 -> 0.062 | F49: =$B49/F$1 -> 0.044285714 | G49: =$B49/G$1 -> 0.034444444 | H49: =$B49/H$1 -> 0.028181818 | I49: =$B49/I$1 -> 0.023846154 | J49: =$B49/J$1 -> 0.020666667 | ... BJ49: =$B49/BJ$1 -> 0.002605042 | BL49: =IF($B$48=1,COUNTIF(C49:BJ49,">="&$C$48),0) -> 38 | BM49: =IF($B$48=1,IF(OR(BS49>=Settings!$B$5,Settings!$C$14>0),MAX(BL49,Settings!$C$14),0),0) -> 38 | BN49: =IF($B$48=1,IF(OR(BS49>=Settings!$B$5,Settings!$C$14>0),MAX(0,(2*MAX(BL49,Settings!$C$14)+1)*$C$48-BS49),MAX(0,Settings!$B$5-BS49)),"") -> 0.0082666667 | BO49: =IF($B$48=1,IF(OR(BS49>=Settings!$B$5,Settings!$C$14>0),IF(BL49<=Settings!$C$14,"Protected by electorates",IF(Settings!$C$14=0,MIN(BS49-(2*BL49-1)*$D$48,BS49-Settings!$B$5),BS49-(2*BL49-1)*$D$48)),""),"") -> 0.00078947368 | BP49: =IF($B$48=1,IF(OR(BS49>=Settings!$B$5,Settings!$C$14>0),MAX(0,MIN(1,(BS49/$C$48-(2*MAX(BL49,Settings!$C$14)-1))/2)),MIN(1,BS49/Settings!$B$5)),"") -> 0 | BQ49: =IF(AND($B$48=1,COUNTIF(C49:BJ49,$C$48)>0),1,0) -> 1 | BR49: =IF(AND($B$48=1,COUNTIF(C49:BJ49,$D$48)>0),1,0) -> 0 | BS49: =N(IF(Polls!H11="",Polls!H37,Polls!H11)) -> 0.31 | BT49: =IF(OR(BS49>=Settings!$B$5,Settings!$C$14>0),"Next seat","Threshold") -> Next seat
A50: LAB | B50: =IF(OR(BS50>=Settings!$B$5,Settings!$C$15>0),BS50,0) -> 0.235 | C50: =$B50/C$1 -> 0.235 | D50: =$B50/D$1 -> 0.078333333 | E50: =$B50/E$1 -> 0.047 | F50: =$B50/F$1 -> 0.033571429 | G50: =$B50/G$1 -> 0.026111111 | H50: =$B50/H$1 -> 0.021363636 | I50: =$B50/I$1 -> 0.018076923 | J50: =$B50/J$1 -> 0.015666667 | ... BJ50: =$B50/BJ$1 -> 0.0019747899 | BL50: =IF($B$48=1,COUNTIF(C50:BJ50,">="&$C$48),0) -> 28 | BM50: =IF($B$48=1,IF(OR(BS50>=Settings!$B$5,Settings!$C$15>0),MAX(BL50,Settings!$C$15),0),0) -> 28 | BN50: =IF($B$48=1,IF(OR(BS50>=Settings!$B$5,Settings!$C$15>0),MAX(0,(2*MAX(BL50,Settings!$C$15)+1)*$C$48-BS50),MAX(0,Settings!$B$5-BS50)),"") -> 0.0006 | BO50: =IF($B$48=1,IF(OR(BS50>=Settings!$B$5,Settings!$C$15>0),IF(BL50<=Settings!$C$15,"Protected by electorates",IF(Settings!$C$15=0,MIN(BS50-(2*BL50-1)*$D$48,BS50-Settings!$B$5),BS50-(2*BL50-1)*$D$48)),""),"") -> 0.008245614 | BP50: =IF($B$48=1,IF(OR(BS50>=Settings!$B$5,Settings!$C$15>0),MAX(0,MIN(1,(BS50/$C$48-(2*MAX(BL50,Settings!$C$15)-1))/2)),MIN(1,BS50/Settings!$B$5)),"") -> 0.92741935 | BQ50: =IF(AND($B$48=1,COUNTIF(C50:BJ50,$C$48)>0),1,0) -> 0 | BR50: =IF(AND($B$48=1,COUNTIF(C50:BJ50,$D$48)>0),1,0) -> 1 | BS50: =N(IF(Polls!I11="",Polls!I37,Polls!I11)) -> 0.235 | BT50: =IF(OR(BS50>=Settings!$B$5,Settings!$C$15>0),"Next seat","Threshold") -> Next seat
A51: GRN | B51: =IF(OR(BS51>=Settings!$B$5,Settings!$C$16>0),BS51,0) -> 0.16 | C51: =$B51/C$1 -> 0.16 | D51: =$B51/D$1 -> 0.053333333 | E51: =$B51/E$1 -> 0.032 | F51: =$B51/F$1 -> 0.022857143 | G51: =$B51/G$1 -> 0.017777778 | H51: =$B51/H$1 -> 0.014545455 | I51: =$B51/I$1 -> 0.012307692 | J51: =$B51/J$1 -> 0.010666667 | ... BJ51: =$B51/BJ$1 -> 0.0013445378 | BL51: =IF($B$48=1,COUNTIF(C51:BJ51,">="&$C$48),0) -> 19 | BM51: =IF($B$48=1,IF(OR(BS51>=Settings!$B$5,Settings!$C$16>0),MAX(BL51,Settings!$C$16),0),0) -> 19 | BN51: =IF($B$48=1,IF(OR(BS51>=Settings!$B$5,Settings!$C$16>0),MAX(0,(2*MAX(BL51,Settings!$C$16)+1)*$C$48-BS51),MAX(0,Settings!$B$5-BS51)),"") -> 0.0012 | BO51: =IF($B$48=1,IF(OR(BS51>=Settings!$B$5,Settings!$C$16>0),IF(BL51<=Settings!$C$16,"Protected by electorates",IF(Settings!$C$16=0,MIN(BS51-(2*BL51-1)*$D$48,BS51-Settings!$B$5),BS51-(2*BL51-1)*$D$48)),""),"") -> 0.0074561404 | BP51: =IF($B$48=1,IF(OR(BS51>=Settings!$B$5,Settings!$C$16>0),MAX(0,MIN(1,(BS51/$C$48-(2*MAX(BL51,Settings!$C$16)-1))/2)),MIN(1,BS51/Settings!$B$5)),"") -> 0.85483871 | BQ51: =IF(AND($B$48=1,COUNTIF(C51:BJ51,$C$48)>0),1,0) -> 0 | BR51: =IF(AND($B$48=1,COUNTIF(C51:BJ51,$D$48)>0),1,0) -> 0 | BS51: =N(IF(Polls!J11="",Polls!J37,Polls!J11)) -> 0.16 | BT51: =IF(OR(BS51>=Settings!$B$5,Settings!$C$16>0),"Next seat","Threshold") -> Next seat
A52: ACT | B52: =IF(OR(BS52>=Settings!$B$5,Settings!$C$17>0),BS52,0) -> 0.11 | C52: =$B52/C$1 -> 0.11 | D52: =$B52/D$1 -> 0.036666667 | E52: =$B52/E$1 -> 0.022 | F52: =$B52/F$1 -> 0.015714286 | G52: =$B52/G$1 -> 0.012222222 | H52: =$B52/H$1 -> 0.01 | I52: =$B52/I$1 -> 0.0084615385 | J52: =$B52/J$1 -> 0.0073333333 | ... BJ52: =$B52/BJ$1 -> 0.00092436975 | BL52: =IF($B$48=1,COUNTIF(C52:BJ52,">="&$C$48),0) -> 13 | BM52: =IF($B$48=1,IF(OR(BS52>=Settings!$B$5,Settings!$C$17>0),MAX(BL52,Settings!$C$17),0),0) -> 13 | BN52: =IF($B$48=1,IF(OR(BS52>=Settings!$B$5,Settings!$C$17>0),MAX(0,(2*MAX(BL52,Settings!$C$17)+1)*$C$48-BS52),MAX(0,Settings!$B$5-BS52)),"") -> 0.0016 | BO52: =IF($B$48=1,IF(OR(BS52>=Settings!$B$5,Settings!$C$17>0),IF(BL52<=Settings!$C$17,"Protected by electorates",IF(Settings!$C$17=0,MIN(BS52-(2*BL52-1)*$D$48,BS52-Settings!$B$5),BS52-(2*BL52-1)*$D$48)),""),"") -> 0.0069298246 | BP52: =IF($B$48=1,IF(OR(BS52>=Settings!$B$5,Settings!$C$17>0),MAX(0,MIN(1,(BS52/$C$48-(2*MAX(BL52,Settings!$C$17)-1))/2)),MIN(1,BS52/Settings!$B$5)),"") -> 0.80645161 | BQ52: =IF(AND($B$48=1,COUNTIF(C52:BJ52,$C$48)>0),1,0) -> 0 | BR52: =IF(AND($B$48=1,COUNTIF(C52:BJ52,$D$48)>0),1,0) -> 0 | BS52: =N(IF(Polls!K11="",Polls!K37,Polls!K11)) -> 0.11 | BT52: =IF(OR(BS52>=Settings!$B$5,Settings!$C$17>0),"Next seat","Threshold") -> Next seat
A53: NZF | B53: =IF(OR(BS53>=Settings!$B$5,Settings!$C$18>0),BS53,0) -> 0.1 | C53: =$B53/C$1 -> 0.1 | D53: =$B53/D$1 -> 0.033333333 | E53: =$B53/E$1 -> 0.02 | F53: =$B53/F$1 -> 0.014285714 | G53: =$B53/G$1 -> 0.011111111 | H53: =$B53/H$1 -> 0.0090909091 | I53: =$B53/I$1 -> 0.0076923077 | J53: =$B53/J$1 -> 0.0066666667 | ... BJ53: =$B53/BJ$1 -> 0.00084033613 | BL53: =IF($B$48=1,COUNTIF(C53:BJ53,">="&$C$48),0) -> 12 | BM53: =IF($B$48=1,IF(OR(BS53>=Settings!$B$5,Settings!$C$18>0),MAX(BL53,Settings!$C$18),0),0) -> 12 | BN53: =IF($B$48=1,IF(OR(BS53>=Settings!$B$5,Settings!$C$18>0),MAX(0,(2*MAX(BL53,Settings!$C$18)+1)*$C$48-BS53),MAX(0,Settings!$B$5-BS53)),"") -> 0.0033333333 | BO53: =IF($B$48=1,IF(OR(BS53>=Settings!$B$5,Settings!$C$18>0),IF(BL53<=Settings!$C$18,"Protected by electorates",IF(Settings!$C$18=0,MIN(BS53-(2*BL53-1)*$D$48,BS53-Settings!$B$5),BS53-(2*BL53-1)*$D$48)),""),"") -> 0.0051754386 | BP53: =IF($B$48=1,IF(OR(BS53>=Settings!$B$5,Settings!$C$18>0),MAX(0,MIN(1,(BS53/$C$48-(2*MAX(BL53,Settings!$C$18)-1))/2)),MIN(1,BS53/Settings!$B$5)),"") -> 0.59677419 | BQ53: =IF(AND($B$48=1,COUNTIF(C53:BJ53,$C$48)>0),1,0) -> 0 | BR53: =IF(AND($B$48=1,COUNTIF(C53:BJ53,$D$48)>0),1,0) -> 0 | BS53: =N(IF(Polls!L11="",Polls!L37,Polls!L11)) -> 0.1 | BT53: =IF(OR(BS53>=Settings!$B$5,Settings!$C$18>0),"Next seat","Threshold") -> Next seat
A54: TPM | B54: =IF(OR(BS54>=Settings!$B$5,Settings!$C$19>0),BS54,0) -> 0.02 | C54: =$B54/C$1 -> 0.02 | D54: =$B54/D$1 -> 0.0066666667 | E54: =$B54/E$1 -> 0.004 | F54: =$B54/F$1 -> 0.0028571429 | G54: =$B54/G$1 -> 0.0022222222 | H54: =$B54/H$1 -> 0.0018181818 | I54: =$B54/I$1 -> 0.0015384615 | J54: =$B54/J$1 -> 0.0013333333 | ... BJ54: =$B54/BJ$1 -> 0.00016806723 | BL54: =IF($B$48=1,COUNTIF(C54:BJ54,">="&$C$48),0) -> 2 | BM54: =IF($B$48=1,IF(OR(BS54>=Settings!$B$5,Settings!$C$19>0),MAX(BL54,Settings!$C$19),0),0) -> 4 | BN54: =IF($B$48=1,IF(OR(BS54>=Settings!$B$5,Settings!$C$19>0),MAX(0,(2*MAX(BL54,Settings!$C$19)+1)*$C$48-BS54),MAX(0,Settings!$B$5-BS54)),"") -> 0.0172 | BO54: =IF($B$48=1,IF(OR(BS54>=Settings!$B$5,Settings!$C$19>0),IF(BL54<=Settings!$C$19,"Protected by electorates",IF(Settings!$C$19=0,MIN(BS54-(2*BL54-1)*$D$48,BS54-Settings!$B$5),BS54-(2*BL54-1)*$D$48)),""),"") -> Protected by electorates | BP54: =IF($B$48=1,IF(OR(BS54>=Settings!$B$5,Settings!$C$19>0),MAX(0,MIN(1,(BS54/$C$48-(2*MAX(BL54,Settings!$C$19)-1))/2)),MIN(1,BS54/Settings!$B$5)),"") -> 0 | BQ54: =IF(AND($B$48=1,COUNTIF(C54:BJ54,$C$48)>0),1,0) -> 0 | BR54: =IF(AND($B$48=1,COUNTIF(C54:BJ54,$D$48)>0),1,0) -> 0 | BS54: =N(IF(Polls!M11="",Polls!M37,Polls!M11)) -> 0.02 | BT54: =IF(OR(BS54>=Settings!$B$5,Settings!$C$19>0),"Next seat","Threshold") -> Next seat
A55: OPP | B55: =IF(OR(BS55>=Settings!$B$5,Settings!$C$20>0),BS55,0) -> 0.065 | C55: =$B55/C$1 -> 0.065 | D55: =$B55/D$1 -> 0.021666667 | E55: =$B55/E$1 -> 0.013 | F55: =$B55/F$1 -> 0.0092857143 | G55: =$B55/G$1 -> 0.0072222222 | H55: =$B55/H$1 -> 0.0059090909 | I55: =$B55/I$1 -> 0.005 | J55: =$B55/J$1 -> 0.0043333333 | ... BJ55: =$B55/BJ$1 -> 0.00054621849 | BL55: =IF($B$48=1,COUNTIF(C55:BJ55,">="&$C$48),0) -> 8 | BM55: =IF($B$48=1,IF(OR(BS55>=Settings!$B$5,Settings!$C$20>0),MAX(BL55,Settings!$C$20),0),0) -> 8 | BN55: =IF($B$48=1,IF(OR(BS55>=Settings!$B$5,Settings!$C$20>0),MAX(0,(2*MAX(BL55,Settings!$C$20)+1)*$C$48-BS55),MAX(0,Settings!$B$5-BS55)),"") -> 0.0052666667 | BO55: =IF($B$48=1,IF(OR(BS55>=Settings!$B$5,Settings!$C$20>0),IF(BL55<=Settings!$C$20,"Protected by electorates",IF(Settings!$C$20=0,MIN(BS55-(2*BL55-1)*$D$48,BS55-Settings!$B$5),BS55-(2*BL55-1)*$D$48)),""),"") -> 0.0031578947 | BP55: =IF($B$48=1,IF(OR(BS55>=Settings!$B$5,Settings!$C$20>0),MAX(0,MIN(1,(BS55/$C$48-(2*MAX(BL55,Settings!$C$20)-1))/2)),MIN(1,BS55/Settings!$B$5)),"") -> 0.36290323 | BQ55: =IF(AND($B$48=1,COUNTIF(C55:BJ55,$C$48)>0),1,0) -> 0 | BR55: =IF(AND($B$48=1,COUNTIF(C55:BJ55,$D$48)>0),1,0) -> 0 | BS55: =N(IF(Polls!N11="",Polls!N37,Polls!N11)) -> 0.065 | BT55: =IF(OR(BS55>=Settings!$B$5,Settings!$C$20>0),"Next seat","Threshold") -> Next seat
A57: =Polls!A12 -> Freshwater Sep | B57: =IF(SUM(BS58:BS64)>0,1,0) -> 1 | C57: =IF(B57=1,LARGE(C58:BJ64,Settings!$B$4),0) -> 0.0041538462 | D57: =IF(B57=1,LARGE(C58:BJ64,Settings!$B$4+1),0) -> 0.004057971 | E57: =IF(B57=1,IFERROR(INDEX(A58:A64,MATCH(1,BQ58:BQ64,0)),""),"") -> NAT | F57: =IF(B57=1,IFERROR(INDEX(A58:A64,MATCH(1,BR58:BR64,0)),""),"") -> LAB | G57: =IF(B57=1,SUM(BM58:BM64)+Settings!$B$10,"") -> 122
A58: NAT | B58: =IF(OR(BS58>=Settings!$B$5,Settings!$C$14>0),BS58,0) -> 0.27 | C58: =$B58/C$1 -> 0.27 | D58: =$B58/D$1 -> 0.09 | E58: =$B58/E$1 -> 0.054 | F58: =$B58/F$1 -> 0.038571429 | G58: =$B58/G$1 -> 0.03 | H58: =$B58/H$1 -> 0.024545455 | I58: =$B58/I$1 -> 0.020769231 | J58: =$B58/J$1 -> 0.018 | ... BJ58: =$B58/BJ$1 -> 0.0022689076 | BL58: =IF($B$57=1,COUNTIF(C58:BJ58,">="&$C$57),0) -> 33 | BM58: =IF($B$57=1,IF(OR(BS58>=Settings!$B$5,Settings!$C$14>0),MAX(BL58,Settings!$C$14),0),0) -> 33 | BN58: =IF($B$57=1,IF(OR(BS58>=Settings!$B$5,Settings!$C$14>0),MAX(0,(2*MAX(BL58,Settings!$C$14)+1)*$C$57-BS58),MAX(0,Settings!$B$5-BS58)),"") -> 0.0083076923 | BO58: =IF($B$57=1,IF(OR(BS58>=Settings!$B$5,Settings!$C$14>0),IF(BL58<=Settings!$C$14,"Protected by electorates",IF(Settings!$C$14=0,MIN(BS58-(2*BL58-1)*$D$57,BS58-Settings!$B$5),BS58-(2*BL58-1)*$D$57)),""),"") -> 0.0062318841 | BP58: =IF($B$57=1,IF(OR(BS58>=Settings!$B$5,Settings!$C$14>0),MAX(0,MIN(1,(BS58/$C$57-(2*MAX(BL58,Settings!$C$14)-1))/2)),MIN(1,BS58/Settings!$B$5)),"") -> 0 | BQ58: =IF(AND($B$57=1,COUNTIF(C58:BJ58,$C$57)>0),1,0) -> 1 | BR58: =IF(AND($B$57=1,COUNTIF(C58:BJ58,$D$57)>0),1,0) -> 0 | BS58: =N(IF(Polls!H12="",Polls!H37,Polls!H12)) -> 0.27 | BT58: =IF(OR(BS58>=Settings!$B$5,Settings!$C$14>0),"Next seat","Threshold") -> Next seat
A59: LAB | B59: =IF(OR(BS59>=Settings!$B$5,Settings!$C$15>0),BS59,0) -> 0.28 | C59: =$B59/C$1 -> 0.28 | D59: =$B59/D$1 -> 0.093333333 | E59: =$B59/E$1 -> 0.056 | F59: =$B59/F$1 -> 0.04 | G59: =$B59/G$1 -> 0.031111111 | H59: =$B59/H$1 -> 0.025454545 | I59: =$B59/I$1 -> 0.021538462 | J59: =$B59/J$1 -> 0.018666667 | ... BJ59: =$B59/BJ$1 -> 0.0023529412 | BL59: =IF($B$57=1,COUNTIF(C59:BJ59,">="&$C$57),0) -> 34 | BM59: =IF($B$57=1,IF(OR(BS59>=Settings!$B$5,Settings!$C$15>0),MAX(BL59,Settings!$C$15),0),0) -> 34 | BN59: =IF($B$57=1,IF(OR(BS59>=Settings!$B$5,Settings!$C$15>0),MAX(0,(2*MAX(BL59,Settings!$C$15)+1)*$C$57-BS59),MAX(0,Settings!$B$5-BS59)),"") -> 0.0066153846 | BO59: =IF($B$57=1,IF(OR(BS59>=Settings!$B$5,Settings!$C$15>0),IF(BL59<=Settings!$C$15,"Protected by electorates",IF(Settings!$C$15=0,MIN(BS59-(2*BL59-1)*$D$57,BS59-Settings!$B$5),BS59-(2*BL59-1)*$D$57)),""),"") -> 0.008115942 | BP59: =IF($B$57=1,IF(OR(BS59>=Settings!$B$5,Settings!$C$15>0),MAX(0,MIN(1,(BS59/$C$57-(2*MAX(BL59,Settings!$C$15)-1))/2)),MIN(1,BS59/Settings!$B$5)),"") -> 0.2037037 | BQ59: =IF(AND($B$57=1,COUNTIF(C59:BJ59,$C$57)>0),1,0) -> 0 | BR59: =IF(AND($B$57=1,COUNTIF(C59:BJ59,$D$57)>0),1,0) -> 1 | BS59: =N(IF(Polls!I12="",Polls!I37,Polls!I12)) -> 0.28 | BT59: =IF(OR(BS59>=Settings!$B$5,Settings!$C$15>0),"Next seat","Threshold") -> Next seat
A60: GRN | B60: =IF(OR(BS60>=Settings!$B$5,Settings!$C$16>0),BS60,0) -> 0.14 | C60: =$B60/C$1 -> 0.14 | D60: =$B60/D$1 -> 0.046666667 | E60: =$B60/E$1 -> 0.028 | F60: =$B60/F$1 -> 0.02 | G60: =$B60/G$1 -> 0.015555556 | H60: =$B60/H$1 -> 0.012727273 | I60: =$B60/I$1 -> 0.010769231 | J60: =$B60/J$1 -> 0.0093333333 | ... BJ60: =$B60/BJ$1 -> 0.0011764706 | BL60: =IF($B$57=1,COUNTIF(C60:BJ60,">="&$C$57),0) -> 17 | BM60: =IF($B$57=1,IF(OR(BS60>=Settings!$B$5,Settings!$C$16>0),MAX(BL60,Settings!$C$16),0),0) -> 17 | BN60: =IF($B$57=1,IF(OR(BS60>=Settings!$B$5,Settings!$C$16>0),MAX(0,(2*MAX(BL60,Settings!$C$16)+1)*$C$57-BS60),MAX(0,Settings!$B$5-BS60)),"") -> 0.0053846154 | BO60: =IF($B$57=1,IF(OR(BS60>=Settings!$B$5,Settings!$C$16>0),IF(BL60<=Settings!$C$16,"Protected by electorates",IF(Settings!$C$16=0,MIN(BS60-(2*BL60-1)*$D$57,BS60-Settings!$B$5),BS60-(2*BL60-1)*$D$57)),""),"") -> 0.0060869565 | BP60: =IF($B$57=1,IF(OR(BS60>=Settings!$B$5,Settings!$C$16>0),MAX(0,MIN(1,(BS60/$C$57-(2*MAX(BL60,Settings!$C$16)-1))/2)),MIN(1,BS60/Settings!$B$5)),"") -> 0.35185185 | BQ60: =IF(AND($B$57=1,COUNTIF(C60:BJ60,$C$57)>0),1,0) -> 0 | BR60: =IF(AND($B$57=1,COUNTIF(C60:BJ60,$D$57)>0),1,0) -> 0 | BS60: =N(IF(Polls!J12="",Polls!J37,Polls!J12)) -> 0.14 | BT60: =IF(OR(BS60>=Settings!$B$5,Settings!$C$16>0),"Next seat","Threshold") -> Next seat
A61: ACT | B61: =IF(OR(BS61>=Settings!$B$5,Settings!$C$17>0),BS61,0) -> 0.09 | C61: =$B61/C$1 -> 0.09 | D61: =$B61/D$1 -> 0.03 | E61: =$B61/E$1 -> 0.018 | F61: =$B61/F$1 -> 0.012857143 | G61: =$B61/G$1 -> 0.01 | H61: =$B61/H$1 -> 0.0081818182 | I61: =$B61/I$1 -> 0.0069230769 | J61: =$B61/J$1 -> 0.006 | ... BJ61: =$B61/BJ$1 -> 0.00075630252 | BL61: =IF($B$57=1,COUNTIF(C61:BJ61,">="&$C$57),0) -> 11 | BM61: =IF($B$57=1,IF(OR(BS61>=Settings!$B$5,Settings!$C$17>0),MAX(BL61,Settings!$C$17),0),0) -> 11 | BN61: =IF($B$57=1,IF(OR(BS61>=Settings!$B$5,Settings!$C$17>0),MAX(0,(2*MAX(BL61,Settings!$C$17)+1)*$C$57-BS61),MAX(0,Settings!$B$5-BS61)),"") -> 0.0055384615 | BO61: =IF($B$57=1,IF(OR(BS61>=Settings!$B$5,Settings!$C$17>0),IF(BL61<=Settings!$C$17,"Protected by electorates",IF(Settings!$C$17=0,MIN(BS61-(2*BL61-1)*$D$57,BS61-Settings!$B$5),BS61-(2*BL61-1)*$D$57)),""),"") -> 0.0047826087 | BP61: =IF($B$57=1,IF(OR(BS61>=Settings!$B$5,Settings!$C$17>0),MAX(0,MIN(1,(BS61/$C$57-(2*MAX(BL61,Settings!$C$17)-1))/2)),MIN(1,BS61/Settings!$B$5)),"") -> 0.33333333 | BQ61: =IF(AND($B$57=1,COUNTIF(C61:BJ61,$C$57)>0),1,0) -> 0 | BR61: =IF(AND($B$57=1,COUNTIF(C61:BJ61,$D$57)>0),1,0) -> 0 | BS61: =N(IF(Polls!K12="",Polls!K37,Polls!K12)) -> 0.09 | BT61: =IF(OR(BS61>=Settings!$B$5,Settings!$C$17>0),"Next seat","Threshold") -> Next seat
A62: NZF | B62: =IF(OR(BS62>=Settings!$B$5,Settings!$C$18>0),BS62,0) -> 0.13 | C62: =$B62/C$1 -> 0.13 | D62: =$B62/D$1 -> 0.043333333 | E62: =$B62/E$1 -> 0.026 | F62: =$B62/F$1 -> 0.018571429 | G62: =$B62/G$1 -> 0.014444444 | H62: =$B62/H$1 -> 0.011818182 | I62: =$B62/I$1 -> 0.01 | J62: =$B62/J$1 -> 0.0086666667 | ... BJ62: =$B62/BJ$1 -> 0.001092437 | BL62: =IF($B$57=1,COUNTIF(C62:BJ62,">="&$C$57),0) -> 16 | BM62: =IF($B$57=1,IF(OR(BS62>=Settings!$B$5,Settings!$C$18>0),MAX(BL62,Settings!$C$18),0),0) -> 16 | BN62: =IF($B$57=1,IF(OR(BS62>=Settings!$B$5,Settings!$C$18>0),MAX(0,(2*MAX(BL62,Settings!$C$18)+1)*$C$57-BS62),MAX(0,Settings!$B$5-BS62)),"") -> 0.0070769231 | BO62: =IF($B$57=1,IF(OR(BS62>=Settings!$B$5,Settings!$C$18>0),IF(BL62<=Settings!$C$18,"Protected by electorates",IF(Settings!$C$18=0,MIN(BS62-(2*BL62-1)*$D$57,BS62-Settings!$B$5),BS62-(2*BL62-1)*$D$57)),""),"") -> 0.0042028986 | BP62: =IF($B$57=1,IF(OR(BS62>=Settings!$B$5,Settings!$C$18>0),MAX(0,MIN(1,(BS62/$C$57-(2*MAX(BL62,Settings!$C$18)-1))/2)),MIN(1,BS62/Settings!$B$5)),"") -> 0.14814815 | BQ62: =IF(AND($B$57=1,COUNTIF(C62:BJ62,$C$57)>0),1,0) -> 0 | BR62: =IF(AND($B$57=1,COUNTIF(C62:BJ62,$D$57)>0),1,0) -> 0 | BS62: =N(IF(Polls!L12="",Polls!L37,Polls!L12)) -> 0.13 | BT62: =IF(OR(BS62>=Settings!$B$5,Settings!$C$18>0),"Next seat","Threshold") -> Next seat
A63: TPM | B63: =IF(OR(BS63>=Settings!$B$5,Settings!$C$19>0),BS63,0) -> 0.02 | C63: =$B63/C$1 -> 0.02 | D63: =$B63/D$1 -> 0.0066666667 | E63: =$B63/E$1 -> 0.004 | F63: =$B63/F$1 -> 0.0028571429 | G63: =$B63/G$1 -> 0.0022222222 | H63: =$B63/H$1 -> 0.0018181818 | I63: =$B63/I$1 -> 0.0015384615 | J63: =$B63/J$1 -> 0.0013333333 | ... BJ63: =$B63/BJ$1 -> 0.00016806723 | BL63: =IF($B$57=1,COUNTIF(C63:BJ63,">="&$C$57),0) -> 2 | BM63: =IF($B$57=1,IF(OR(BS63>=Settings!$B$5,Settings!$C$19>0),MAX(BL63,Settings!$C$19),0),0) -> 4 | BN63: =IF($B$57=1,IF(OR(BS63>=Settings!$B$5,Settings!$C$19>0),MAX(0,(2*MAX(BL63,Settings!$C$19)+1)*$C$57-BS63),MAX(0,Settings!$B$5-BS63)),"") -> 0.017384615 | BO63: =IF($B$57=1,IF(OR(BS63>=Settings!$B$5,Settings!$C$19>0),IF(BL63<=Settings!$C$19,"Protected by electorates",IF(Settings!$C$19=0,MIN(BS63-(2*BL63-1)*$D$57,BS63-Settings!$B$5),BS63-(2*BL63-1)*$D$57)),""),"") -> Protected by electorates | BP63: =IF($B$57=1,IF(OR(BS63>=Settings!$B$5,Settings!$C$19>0),MAX(0,MIN(1,(BS63/$C$57-(2*MAX(BL63,Settings!$C$19)-1))/2)),MIN(1,BS63/Settings!$B$5)),"") -> 0 | BQ63: =IF(AND($B$57=1,COUNTIF(C63:BJ63,$C$57)>0),1,0) -> 0 | BR63: =IF(AND($B$57=1,COUNTIF(C63:BJ63,$D$57)>0),1,0) -> 0 | BS63: =N(IF(Polls!M12="",Polls!M37,Polls!M12)) -> 0.02 | BT63: =IF(OR(BS63>=Settings!$B$5,Settings!$C$19>0),"Next seat","Threshold") -> Next seat
A64: OPP | B64: =IF(OR(BS64>=Settings!$B$5,Settings!$C$20>0),BS64,0) -> 0.06 | C64: =$B64/C$1 -> 0.06 | D64: =$B64/D$1 -> 0.02 | E64: =$B64/E$1 -> 0.012 | F64: =$B64/F$1 -> 0.0085714286 | G64: =$B64/G$1 -> 0.0066666667 | H64: =$B64/H$1 -> 0.0054545455 | I64: =$B64/I$1 -> 0.0046153846 | J64: =$B64/J$1 -> 0.004 | ... BJ64: =$B64/BJ$1 -> 0.00050420168 | BL64: =IF($B$57=1,COUNTIF(C64:BJ64,">="&$C$57),0) -> 7 | BM64: =IF($B$57=1,IF(OR(BS64>=Settings!$B$5,Settings!$C$20>0),MAX(BL64,Settings!$C$20),0),0) -> 7 | BN64: =IF($B$57=1,IF(OR(BS64>=Settings!$B$5,Settings!$C$20>0),MAX(0,(2*MAX(BL64,Settings!$C$20)+1)*$C$57-BS64),MAX(0,Settings!$B$5-BS64)),"") -> 0.0023076923 | BO64: =IF($B$57=1,IF(OR(BS64>=Settings!$B$5,Settings!$C$20>0),IF(BL64<=Settings!$C$20,"Protected by electorates",IF(Settings!$C$20=0,MIN(BS64-(2*BL64-1)*$D$57,BS64-Settings!$B$5),BS64-(2*BL64-1)*$D$57)),""),"") -> 0.0072463768 | BP64: =IF($B$57=1,IF(OR(BS64>=Settings!$B$5,Settings!$C$20>0),MAX(0,MIN(1,(BS64/$C$57-(2*MAX(BL64,Settings!$C$20)-1))/2)),MIN(1,BS64/Settings!$B$5)),"") -> 0.72222222 | BQ64: =IF(AND($B$57=1,COUNTIF(C64:BJ64,$C$57)>0),1,0) -> 0 | BR64: =IF(AND($B$57=1,COUNTIF(C64:BJ64,$D$57)>0),1,0) -> 0 | BS64: =N(IF(Polls!N12="",Polls!N37,Polls!N12)) -> 0.06 | BT64: =IF(OR(BS64>=Settings!$B$5,Settings!$C$20>0),"Next seat","Threshold") -> Next seat
A66: =Polls!A13 -> Anacta Sep | B66: =IF(SUM(BS67:BS73)>0,1,0) -> 1 | C66: =IF(B66=1,LARGE(C67:BJ73,Settings!$B$4),0) -> 0.004137931 | D66: =IF(B66=1,LARGE(C67:BJ73,Settings!$B$4+1),0) -> 0.0041333333 | E66: =IF(B66=1,IFERROR(INDEX(A67:A73,MATCH(1,BQ67:BQ73,0)),""),"") -> GRN | F66: =IF(B66=1,IFERROR(INDEX(A67:A73,MATCH(1,BR67:BR73,0)),""),"") -> LAB | G66: =IF(B66=1,SUM(BM67:BM73)+Settings!$B$10,"") -> 122
A67: NAT | B67: =IF(OR(BS67>=Settings!$B$5,Settings!$C$14>0),BS67,0) -> 0.3 | C67: =$B67/C$1 -> 0.3 | D67: =$B67/D$1 -> 0.1 | E67: =$B67/E$1 -> 0.06 | F67: =$B67/F$1 -> 0.042857143 | G67: =$B67/G$1 -> 0.033333333 | H67: =$B67/H$1 -> 0.027272727 | I67: =$B67/I$1 -> 0.023076923 | J67: =$B67/J$1 -> 0.02 | ... BJ67: =$B67/BJ$1 -> 0.0025210084 | BL67: =IF($B$66=1,COUNTIF(C67:BJ67,">="&$C$66),0) -> 36 | BM67: =IF($B$66=1,IF(OR(BS67>=Settings!$B$5,Settings!$C$14>0),MAX(BL67,Settings!$C$14),0),0) -> 36 | BN67: =IF($B$66=1,IF(OR(BS67>=Settings!$B$5,Settings!$C$14>0),MAX(0,(2*MAX(BL67,Settings!$C$14)+1)*$C$66-BS67),MAX(0,Settings!$B$5-BS67)),"") -> 0.0020689655 | BO67: =IF($B$66=1,IF(OR(BS67>=Settings!$B$5,Settings!$C$14>0),IF(BL67<=Settings!$C$14,"Protected by electorates",IF(Settings!$C$14=0,MIN(BS67-(2*BL67-1)*$D$66,BS67-Settings!$B$5),BS67-(2*BL67-1)*$D$66)),""),"") -> 0.0065333333 | BP67: =IF($B$66=1,IF(OR(BS67>=Settings!$B$5,Settings!$C$14>0),MAX(0,MIN(1,(BS67/$C$66-(2*MAX(BL67,Settings!$C$14)-1))/2)),MIN(1,BS67/Settings!$B$5)),"") -> 0.75 | BQ67: =IF(AND($B$66=1,COUNTIF(C67:BJ67,$C$66)>0),1,0) -> 0 | BR67: =IF(AND($B$66=1,COUNTIF(C67:BJ67,$D$66)>0),1,0) -> 0 | BS67: =N(IF(Polls!H13="",Polls!H37,Polls!H13)) -> 0.3 | BT67: =IF(OR(BS67>=Settings!$B$5,Settings!$C$14>0),"Next seat","Threshold") -> Next seat
A68: LAB | B68: =IF(OR(BS68>=Settings!$B$5,Settings!$C$15>0),BS68,0) -> 0.31 | C68: =$B68/C$1 -> 0.31 | D68: =$B68/D$1 -> 0.10333333 | E68: =$B68/E$1 -> 0.062 | F68: =$B68/F$1 -> 0.044285714 | G68: =$B68/G$1 -> 0.034444444 | H68: =$B68/H$1 -> 0.028181818 | I68: =$B68/I$1 -> 0.023846154 | J68: =$B68/J$1 -> 0.020666667 | ... BJ68: =$B68/BJ$1 -> 0.002605042 | BL68: =IF($B$66=1,COUNTIF(C68:BJ68,">="&$C$66),0) -> 37 | BM68: =IF($B$66=1,IF(OR(BS68>=Settings!$B$5,Settings!$C$15>0),MAX(BL68,Settings!$C$15),0),0) -> 37 | BN68: =IF($B$66=1,IF(OR(BS68>=Settings!$B$5,Settings!$C$15>0),MAX(0,(2*MAX(BL68,Settings!$C$15)+1)*$C$66-BS68),MAX(0,Settings!$B$5-BS68)),"") -> 0.00034482759 | BO68: =IF($B$66=1,IF(OR(BS68>=Settings!$B$5,Settings!$C$15>0),IF(BL68<=Settings!$C$15,"Protected by electorates",IF(Settings!$C$15=0,MIN(BS68-(2*BL68-1)*$D$66,BS68-Settings!$B$5),BS68-(2*BL68-1)*$D$66)),""),"") -> 0.0082666667 | BP68: =IF($B$66=1,IF(OR(BS68>=Settings!$B$5,Settings!$C$15>0),MAX(0,MIN(1,(BS68/$C$66-(2*MAX(BL68,Settings!$C$15)-1))/2)),MIN(1,BS68/Settings!$B$5)),"") -> 0.95833333 | BQ68: =IF(AND($B$66=1,COUNTIF(C68:BJ68,$C$66)>0),1,0) -> 0 | BR68: =IF(AND($B$66=1,COUNTIF(C68:BJ68,$D$66)>0),1,0) -> 1 | BS68: =N(IF(Polls!I13="",Polls!I37,Polls!I13)) -> 0.31 | BT68: =IF(OR(BS68>=Settings!$B$5,Settings!$C$15>0),"Next seat","Threshold") -> Next seat
A69: GRN | B69: =IF(OR(BS69>=Settings!$B$5,Settings!$C$16>0),BS69,0) -> 0.12 | C69: =$B69/C$1 -> 0.12 | D69: =$B69/D$1 -> 0.04 | E69: =$B69/E$1 -> 0.024 | F69: =$B69/F$1 -> 0.017142857 | G69: =$B69/G$1 -> 0.013333333 | H69: =$B69/H$1 -> 0.010909091 | I69: =$B69/I$1 -> 0.0092307692 | J69: =$B69/J$1 -> 0.008 | ... BJ69: =$B69/BJ$1 -> 0.0010084034 | BL69: =IF($B$66=1,COUNTIF(C69:BJ69,">="&$C$66),0) -> 15 | BM69: =IF($B$66=1,IF(OR(BS69>=Settings!$B$5,Settings!$C$16>0),MAX(BL69,Settings!$C$16),0),0) -> 15 | BN69: =IF($B$66=1,IF(OR(BS69>=Settings!$B$5,Settings!$C$16>0),MAX(0,(2*MAX(BL69,Settings!$C$16)+1)*$C$66-BS69),MAX(0,Settings!$B$5-BS69)),"") -> 0.0082758621 | BO69: =IF($B$66=1,IF(OR(BS69>=Settings!$B$5,Settings!$C$16>0),IF(BL69<=Settings!$C$16,"Protected by electorates",IF(Settings!$C$16=0,MIN(BS69-(2*BL69-1)*$D$66,BS69-Settings!$B$5),BS69-(2*BL69-1)*$D$66)),""),"") -> 0.00013333333 | BP69: =IF($B$66=1,IF(OR(BS69>=Settings!$B$5,Settings!$C$16>0),MAX(0,MIN(1,(BS69/$C$66-(2*MAX(BL69,Settings!$C$16)-1))/2)),MIN(1,BS69/Settings!$B$5)),"") -> 0 | BQ69: =IF(AND($B$66=1,COUNTIF(C69:BJ69,$C$66)>0),1,0) -> 1 | BR69: =IF(AND($B$66=1,COUNTIF(C69:BJ69,$D$66)>0),1,0) -> 0 | BS69: =N(IF(Polls!J13="",Polls!J37,Polls!J13)) -> 0.12 | BT69: =IF(OR(BS69>=Settings!$B$5,Settings!$C$16>0),"Next seat","Threshold") -> Next seat
A70: ACT | B70: =IF(OR(BS70>=Settings!$B$5,Settings!$C$17>0),BS70,0) -> 0.08 | C70: =$B70/C$1 -> 0.08 | D70: =$B70/D$1 -> 0.026666667 | E70: =$B70/E$1 -> 0.016 | F70: =$B70/F$1 -> 0.011428571 | G70: =$B70/G$1 -> 0.0088888889 | H70: =$B70/H$1 -> 0.0072727273 | I70: =$B70/I$1 -> 0.0061538462 | J70: =$B70/J$1 -> 0.0053333333 | ... BJ70: =$B70/BJ$1 -> 0.00067226891 | BL70: =IF($B$66=1,COUNTIF(C70:BJ70,">="&$C$66),0) -> 10 | BM70: =IF($B$66=1,IF(OR(BS70>=Settings!$B$5,Settings!$C$17>0),MAX(BL70,Settings!$C$17),0),0) -> 10 | BN70: =IF($B$66=1,IF(OR(BS70>=Settings!$B$5,Settings!$C$17>0),MAX(0,(2*MAX(BL70,Settings!$C$17)+1)*$C$66-BS70),MAX(0,Settings!$B$5-BS70)),"") -> 0.0068965517 | BO70: =IF($B$66=1,IF(OR(BS70>=Settings!$B$5,Settings!$C$17>0),IF(BL70<=Settings!$C$17,"Protected by electorates",IF(Settings!$C$17=0,MIN(BS70-(2*BL70-1)*$D$66,BS70-Settings!$B$5),BS70-(2*BL70-1)*$D$66)),""),"") -> 0.0014666667 | BP70: =IF($B$66=1,IF(OR(BS70>=Settings!$B$5,Settings!$C$17>0),MAX(0,MIN(1,(BS70/$C$66-(2*MAX(BL70,Settings!$C$17)-1))/2)),MIN(1,BS70/Settings!$B$5)),"") -> 0.16666667 | BQ70: =IF(AND($B$66=1,COUNTIF(C70:BJ70,$C$66)>0),1,0) -> 0 | BR70: =IF(AND($B$66=1,COUNTIF(C70:BJ70,$D$66)>0),1,0) -> 0 | BS70: =N(IF(Polls!K13="",Polls!K37,Polls!K13)) -> 0.08 | BT70: =IF(OR(BS70>=Settings!$B$5,Settings!$C$17>0),"Next seat","Threshold") -> Next seat
A71: NZF | B71: =IF(OR(BS71>=Settings!$B$5,Settings!$C$18>0),BS71,0) -> 0.1 | C71: =$B71/C$1 -> 0.1 | D71: =$B71/D$1 -> 0.033333333 | E71: =$B71/E$1 -> 0.02 | F71: =$B71/F$1 -> 0.014285714 | G71: =$B71/G$1 -> 0.011111111 | H71: =$B71/H$1 -> 0.0090909091 | I71: =$B71/I$1 -> 0.0076923077 | J71: =$B71/J$1 -> 0.0066666667 | ... BJ71: =$B71/BJ$1 -> 0.00084033613 | BL71: =IF($B$66=1,COUNTIF(C71:BJ71,">="&$C$66),0) -> 12 | BM71: =IF($B$66=1,IF(OR(BS71>=Settings!$B$5,Settings!$C$18>0),MAX(BL71,Settings!$C$18),0),0) -> 12 | BN71: =IF($B$66=1,IF(OR(BS71>=Settings!$B$5,Settings!$C$18>0),MAX(0,(2*MAX(BL71,Settings!$C$18)+1)*$C$66-BS71),MAX(0,Settings!$B$5-BS71)),"") -> 0.0034482759 | BO71: =IF($B$66=1,IF(OR(BS71>=Settings!$B$5,Settings!$C$18>0),IF(BL71<=Settings!$C$18,"Protected by electorates",IF(Settings!$C$18=0,MIN(BS71-(2*BL71-1)*$D$66,BS71-Settings!$B$5),BS71-(2*BL71-1)*$D$66)),""),"") -> 0.0049333333 | BP71: =IF($B$66=1,IF(OR(BS71>=Settings!$B$5,Settings!$C$18>0),MAX(0,MIN(1,(BS71/$C$66-(2*MAX(BL71,Settings!$C$18)-1))/2)),MIN(1,BS71/Settings!$B$5)),"") -> 0.58333333 | BQ71: =IF(AND($B$66=1,COUNTIF(C71:BJ71,$C$66)>0),1,0) -> 0 | BR71: =IF(AND($B$66=1,COUNTIF(C71:BJ71,$D$66)>0),1,0) -> 0 | BS71: =N(IF(Polls!L13="",Polls!L37,Polls!L13)) -> 0.1 | BT71: =IF(OR(BS71>=Settings!$B$5,Settings!$C$18>0),"Next seat","Threshold") -> Next seat
A72: TPM | B72: =IF(OR(BS72>=Settings!$B$5,Settings!$C$19>0),BS72,0) -> 0.02 | C72: =$B72/C$1 -> 0.02 | D72: =$B72/D$1 -> 0.0066666667 | E72: =$B72/E$1 -> 0.004 | F72: =$B72/F$1 -> 0.0028571429 | G72: =$B72/G$1 -> 0.0022222222 | H72: =$B72/H$1 -> 0.0018181818 | I72: =$B72/I$1 -> 0.0015384615 | J72: =$B72/J$1 -> 0.0013333333 | ... BJ72: =$B72/BJ$1 -> 0.00016806723 | BL72: =IF($B$66=1,COUNTIF(C72:BJ72,">="&$C$66),0) -> 2 | BM72: =IF($B$66=1,IF(OR(BS72>=Settings!$B$5,Settings!$C$19>0),MAX(BL72,Settings!$C$19),0),0) -> 4 | BN72: =IF($B$66=1,IF(OR(BS72>=Settings!$B$5,Settings!$C$19>0),MAX(0,(2*MAX(BL72,Settings!$C$19)+1)*$C$66-BS72),MAX(0,Settings!$B$5-BS72)),"") -> 0.017241379 | BO72: =IF($B$66=1,IF(OR(BS72>=Settings!$B$5,Settings!$C$19>0),IF(BL72<=Settings!$C$19,"Protected by electorates",IF(Settings!$C$19=0,MIN(BS72-(2*BL72-1)*$D$66,BS72-Settings!$B$5),BS72-(2*BL72-1)*$D$66)),""),"") -> Protected by electorates | BP72: =IF($B$66=1,IF(OR(BS72>=Settings!$B$5,Settings!$C$19>0),MAX(0,MIN(1,(BS72/$C$66-(2*MAX(BL72,Settings!$C$19)-1))/2)),MIN(1,BS72/Settings!$B$5)),"") -> 0 | BQ72: =IF(AND($B$66=1,COUNTIF(C72:BJ72,$C$66)>0),1,0) -> 0 | BR72: =IF(AND($B$66=1,COUNTIF(C72:BJ72,$D$66)>0),1,0) -> 0 | BS72: =N(IF(Polls!M13="",Polls!M37,Polls!M13)) -> 0.02 | BT72: =IF(OR(BS72>=Settings!$B$5,Settings!$C$19>0),"Next seat","Threshold") -> Next seat
A73: OPP | B73: =IF(OR(BS73>=Settings!$B$5,Settings!$C$20>0),BS73,0) -> 0.07 | C73: =$B73/C$1 -> 0.07 | D73: =$B73/D$1 -> 0.023333333 | E73: =$B73/E$1 -> 0.014 | F73: =$B73/F$1 -> 0.01 | G73: =$B73/G$1 -> 0.0077777778 | H73: =$B73/H$1 -> 0.0063636364 | I73: =$B73/I$1 -> 0.0053846154 | J73: =$B73/J$1 -> 0.0046666667 | ... BJ73: =$B73/BJ$1 -> 0.00058823529 | BL73: =IF($B$66=1,COUNTIF(C73:BJ73,">="&$C$66),0) -> 8 | BM73: =IF($B$66=1,IF(OR(BS73>=Settings!$B$5,Settings!$C$20>0),MAX(BL73,Settings!$C$20),0),0) -> 8 | BN73: =IF($B$66=1,IF(OR(BS73>=Settings!$B$5,Settings!$C$20>0),MAX(0,(2*MAX(BL73,Settings!$C$20)+1)*$C$66-BS73),MAX(0,Settings!$B$5-BS73)),"") -> 0.00034482759 | BO73: =IF($B$66=1,IF(OR(BS73>=Settings!$B$5,Settings!$C$20>0),IF(BL73<=Settings!$C$20,"Protected by electorates",IF(Settings!$C$20=0,MIN(BS73-(2*BL73-1)*$D$66,BS73-Settings!$B$5),BS73-(2*BL73-1)*$D$66)),""),"") -> 0.008 | BP73: =IF($B$66=1,IF(OR(BS73>=Settings!$B$5,Settings!$C$20>0),MAX(0,MIN(1,(BS73/$C$66-(2*MAX(BL73,Settings!$C$20)-1))/2)),MIN(1,BS73/Settings!$B$5)),"") -> 0.95833333 | BQ73: =IF(AND($B$66=1,COUNTIF(C73:BJ73,$C$66)>0),1,0) -> 0 | BR73: =IF(AND($B$66=1,COUNTIF(C73:BJ73,$D$66)>0),1,0) -> 0 | BS73: =N(IF(Polls!N13="",Polls!N37,Polls!N13)) -> 0.07 | BT73: =IF(OR(BS73>=Settings!$B$5,Settings!$C$20>0),"Next seat","Threshold") -> Next seat
A75: =Polls!A14 -> Curia Sep | B75: =IF(SUM(BS76:BS82)>0,1,0) -> 1 | C75: =IF(B75=1,LARGE(C76:BJ82,Settings!$B$4),0) -> 0.0037567568 | D75: =IF(B75=1,LARGE(C76:BJ82,Settings!$B$4+1),0) -> 0.0037536232 | E75: =IF(B75=1,IFERROR(INDEX(A76:A82,MATCH(1,BQ76:BQ82,0)),""),"") -> GRN | F75: =IF(B75=1,IFERROR(INDEX(A76:A82,MATCH(1,BR76:BR82,0)),""),"") -> LAB | G75: =IF(B75=1,SUM(BM76:BM82)+Settings!$B$10,"") -> 121
A76: NAT | B76: =IF(OR(BS76>=Settings!$B$5,Settings!$C$14>0),BS76,0) -> 0.29 | C76: =$B76/C$1 -> 0.29 | D76: =$B76/D$1 -> 0.096666667 | E76: =$B76/E$1 -> 0.058 | F76: =$B76/F$1 -> 0.041428571 | G76: =$B76/G$1 -> 0.032222222 | H76: =$B76/H$1 -> 0.026363636 | I76: =$B76/I$1 -> 0.022307692 | J76: =$B76/J$1 -> 0.019333333 | ... BJ76: =$B76/BJ$1 -> 0.0024369748 | BL76: =IF($B$75=1,COUNTIF(C76:BJ76,">="&$C$75),0) -> 39 | BM76: =IF($B$75=1,IF(OR(BS76>=Settings!$B$5,Settings!$C$14>0),MAX(BL76,Settings!$C$14),0),0) -> 39 | BN76: =IF($B$75=1,IF(OR(BS76>=Settings!$B$5,Settings!$C$14>0),MAX(0,(2*MAX(BL76,Settings!$C$14)+1)*$C$75-BS76),MAX(0,Settings!$B$5-BS76)),"") -> 0.0067837838 | BO76: =IF($B$75=1,IF(OR(BS76>=Settings!$B$5,Settings!$C$14>0),IF(BL76<=Settings!$C$14,"Protected by electorates",IF(Settings!$C$14=0,MIN(BS76-(2*BL76-1)*$D$75,BS76-Settings!$B$5),BS76-(2*BL76-1)*$D$75)),""),"") -> 0.00097101449 | BP76: =IF($B$75=1,IF(OR(BS76>=Settings!$B$5,Settings!$C$14>0),MAX(0,MIN(1,(BS76/$C$75-(2*MAX(BL76,Settings!$C$14)-1))/2)),MIN(1,BS76/Settings!$B$5)),"") -> 0.097122302 | BQ76: =IF(AND($B$75=1,COUNTIF(C76:BJ76,$C$75)>0),1,0) -> 0 | BR76: =IF(AND($B$75=1,COUNTIF(C76:BJ76,$D$75)>0),1,0) -> 0 | BS76: =N(IF(Polls!H14="",Polls!H37,Polls!H14)) -> 0.29 | BT76: =IF(OR(BS76>=Settings!$B$5,Settings!$C$14>0),"Next seat","Threshold") -> Next seat
A77: LAB | B77: =IF(OR(BS77>=Settings!$B$5,Settings!$C$15>0),BS77,0) -> 0.259 | C77: =$B77/C$1 -> 0.259 | D77: =$B77/D$1 -> 0.086333333 | E77: =$B77/E$1 -> 0.0518 | F77: =$B77/F$1 -> 0.037 | G77: =$B77/G$1 -> 0.028777778 | H77: =$B77/H$1 -> 0.023545455 | I77: =$B77/I$1 -> 0.019923077 | J77: =$B77/J$1 -> 0.017266667 | ... BJ77: =$B77/BJ$1 -> 0.0021764706 | BL77: =IF($B$75=1,COUNTIF(C77:BJ77,">="&$C$75),0) -> 34 | BM77: =IF($B$75=1,IF(OR(BS77>=Settings!$B$5,Settings!$C$15>0),MAX(BL77,Settings!$C$15),0),0) -> 34 | BN77: =IF($B$75=1,IF(OR(BS77>=Settings!$B$5,Settings!$C$15>0),MAX(0,(2*MAX(BL77,Settings!$C$15)+1)*$C$75-BS77),MAX(0,Settings!$B$5-BS77)),"") -> 0.00021621622 | BO77: =IF($B$75=1,IF(OR(BS77>=Settings!$B$5,Settings!$C$15>0),IF(BL77<=Settings!$C$15,"Protected by electorates",IF(Settings!$C$15=0,MIN(BS77-(2*BL77-1)*$D$75,BS77-Settings!$B$5),BS77-(2*BL77-1)*$D$75)),""),"") -> 0.0075072464 | BP77: =IF($B$75=1,IF(OR(BS77>=Settings!$B$5,Settings!$C$15>0),MAX(0,MIN(1,(BS77/$C$75-(2*MAX(BL77,Settings!$C$15)-1))/2)),MIN(1,BS77/Settings!$B$5)),"") -> 0.97122302 | BQ77: =IF(AND($B$75=1,COUNTIF(C77:BJ77,$C$75)>0),1,0) -> 0 | BR77: =IF(AND($B$75=1,COUNTIF(C77:BJ77,$D$75)>0),1,0) -> 1 | BS77: =N(IF(Polls!I14="",Polls!I37,Polls!I14)) -> 0.259 | BT77: =IF(OR(BS77>=Settings!$B$5,Settings!$C$15>0),"Next seat","Threshold") -> Next seat
A78: GRN | B78: =IF(OR(BS78>=Settings!$B$5,Settings!$C$16>0),BS78,0) -> 0.139 | C78: =$B78/C$1 -> 0.139 | D78: =$B78/D$1 -> 0.046333333 | E78: =$B78/E$1 -> 0.0278 | F78: =$B78/F$1 -> 0.019857143 | G78: =$B78/G$1 -> 0.015444444 | H78: =$B78/H$1 -> 0.012636364 | I78: =$B78/I$1 -> 0.010692308 | J78: =$B78/J$1 -> 0.0092666667 | ... BJ78: =$B78/BJ$1 -> 0.0011680672 | BL78: =IF($B$75=1,COUNTIF(C78:BJ78,">="&$C$75),0) -> 19 | BM78: =IF($B$75=1,IF(OR(BS78>=Settings!$B$5,Settings!$C$16>0),MAX(BL78,Settings!$C$16),0),0) -> 19 | BN78: =IF($B$75=1,IF(OR(BS78>=Settings!$B$5,Settings!$C$16>0),MAX(0,(2*MAX(BL78,Settings!$C$16)+1)*$C$75-BS78),MAX(0,Settings!$B$5-BS78)),"") -> 0.0075135135 | BO78: =IF($B$75=1,IF(OR(BS78>=Settings!$B$5,Settings!$C$16>0),IF(BL78<=Settings!$C$16,"Protected by electorates",IF(Settings!$C$16=0,MIN(BS78-(2*BL78-1)*$D$75,BS78-Settings!$B$5),BS78-(2*BL78-1)*$D$75)),""),"") -> 0.00011594203 | BP78: =IF($B$75=1,IF(OR(BS78>=Settings!$B$5,Settings!$C$16>0),MAX(0,MIN(1,(BS78/$C$75-(2*MAX(BL78,Settings!$C$16)-1))/2)),MIN(1,BS78/Settings!$B$5)),"") -> 0 | BQ78: =IF(AND($B$75=1,COUNTIF(C78:BJ78,$C$75)>0),1,0) -> 1 | BR78: =IF(AND($B$75=1,COUNTIF(C78:BJ78,$D$75)>0),1,0) -> 0 | BS78: =N(IF(Polls!J14="",Polls!J37,Polls!J14)) -> 0.139 | BT78: =IF(OR(BS78>=Settings!$B$5,Settings!$C$16>0),"Next seat","Threshold") -> Next seat
A79: ACT | B79: =IF(OR(BS79>=Settings!$B$5,Settings!$C$17>0),BS79,0) -> 0.105 | C79: =$B79/C$1 -> 0.105 | D79: =$B79/D$1 -> 0.035 | E79: =$B79/E$1 -> 0.021 | F79: =$B79/F$1 -> 0.015 | G79: =$B79/G$1 -> 0.011666667 | H79: =$B79/H$1 -> 0.0095454545 | I79: =$B79/I$1 -> 0.0080769231 | J79: =$B79/J$1 -> 0.007 | ... BJ79: =$B79/BJ$1 -> 0.00088235294 | BL79: =IF($B$75=1,COUNTIF(C79:BJ79,">="&$C$75),0) -> 14 | BM79: =IF($B$75=1,IF(OR(BS79>=Settings!$B$5,Settings!$C$17>0),MAX(BL79,Settings!$C$17),0),0) -> 14 | BN79: =IF($B$75=1,IF(OR(BS79>=Settings!$B$5,Settings!$C$17>0),MAX(0,(2*MAX(BL79,Settings!$C$17)+1)*$C$75-BS79),MAX(0,Settings!$B$5-BS79)),"") -> 0.0039459459 | BO79: =IF($B$75=1,IF(OR(BS79>=Settings!$B$5,Settings!$C$17>0),IF(BL79<=Settings!$C$17,"Protected by electorates",IF(Settings!$C$17=0,MIN(BS79-(2*BL79-1)*$D$75,BS79-Settings!$B$5),BS79-(2*BL79-1)*$D$75)),""),"") -> 0.0036521739 | BP79: =IF($B$75=1,IF(OR(BS79>=Settings!$B$5,Settings!$C$17>0),MAX(0,MIN(1,(BS79/$C$75-(2*MAX(BL79,Settings!$C$17)-1))/2)),MIN(1,BS79/Settings!$B$5)),"") -> 0.47482014 | BQ79: =IF(AND($B$75=1,COUNTIF(C79:BJ79,$C$75)>0),1,0) -> 0 | BR79: =IF(AND($B$75=1,COUNTIF(C79:BJ79,$D$75)>0),1,0) -> 0 | BS79: =N(IF(Polls!K14="",Polls!K37,Polls!K14)) -> 0.105 | BT79: =IF(OR(BS79>=Settings!$B$5,Settings!$C$17>0),"Next seat","Threshold") -> Next seat
A80: NZF | B80: =IF(OR(BS80>=Settings!$B$5,Settings!$C$18>0),BS80,0) -> 0.084 | C80: =$B80/C$1 -> 0.084 | D80: =$B80/D$1 -> 0.028 | E80: =$B80/E$1 -> 0.0168 | F80: =$B80/F$1 -> 0.012 | G80: =$B80/G$1 -> 0.0093333333 | H80: =$B80/H$1 -> 0.0076363636 | I80: =$B80/I$1 -> 0.0064615385 | J80: =$B80/J$1 -> 0.0056 | ... BJ80: =$B80/BJ$1 -> 0.00070588235 | BL80: =IF($B$75=1,COUNTIF(C80:BJ80,">="&$C$75),0) -> 11 | BM80: =IF($B$75=1,IF(OR(BS80>=Settings!$B$5,Settings!$C$18>0),MAX(BL80,Settings!$C$18),0),0) -> 11 | BN80: =IF($B$75=1,IF(OR(BS80>=Settings!$B$5,Settings!$C$18>0),MAX(0,(2*MAX(BL80,Settings!$C$18)+1)*$C$75-BS80),MAX(0,Settings!$B$5-BS80)),"") -> 0.0024054054 | BO80: =IF($B$75=1,IF(OR(BS80>=Settings!$B$5,Settings!$C$18>0),IF(BL80<=Settings!$C$18,"Protected by electorates",IF(Settings!$C$18=0,MIN(BS80-(2*BL80-1)*$D$75,BS80-Settings!$B$5),BS80-(2*BL80-1)*$D$75)),""),"") -> 0.005173913 | BP80: =IF($B$75=1,IF(OR(BS80>=Settings!$B$5,Settings!$C$18>0),MAX(0,MIN(1,(BS80/$C$75-(2*MAX(BL80,Settings!$C$18)-1))/2)),MIN(1,BS80/Settings!$B$5)),"") -> 0.67985612 | BQ80: =IF(AND($B$75=1,COUNTIF(C80:BJ80,$C$75)>0),1,0) -> 0 | BR80: =IF(AND($B$75=1,COUNTIF(C80:BJ80,$D$75)>0),1,0) -> 0 | BS80: =N(IF(Polls!L14="",Polls!L37,Polls!L14)) -> 0.084 | BT80: =IF(OR(BS80>=Settings!$B$5,Settings!$C$18>0),"Next seat","Threshold") -> Next seat
A81: TPM | B81: =IF(OR(BS81>=Settings!$B$5,Settings!$C$19>0),BS81,0) -> 0.02 | C81: =$B81/C$1 -> 0.02 | D81: =$B81/D$1 -> 0.0066666667 | E81: =$B81/E$1 -> 0.004 | F81: =$B81/F$1 -> 0.0028571429 | G81: =$B81/G$1 -> 0.0022222222 | H81: =$B81/H$1 -> 0.0018181818 | I81: =$B81/I$1 -> 0.0015384615 | J81: =$B81/J$1 -> 0.0013333333 | ... BJ81: =$B81/BJ$1 -> 0.00016806723 | BL81: =IF($B$75=1,COUNTIF(C81:BJ81,">="&$C$75),0) -> 3 | BM81: =IF($B$75=1,IF(OR(BS81>=Settings!$B$5,Settings!$C$19>0),MAX(BL81,Settings!$C$19),0),0) -> 4 | BN81: =IF($B$75=1,IF(OR(BS81>=Settings!$B$5,Settings!$C$19>0),MAX(0,(2*MAX(BL81,Settings!$C$19)+1)*$C$75-BS81),MAX(0,Settings!$B$5-BS81)),"") -> 0.013810811 | BO81: =IF($B$75=1,IF(OR(BS81>=Settings!$B$5,Settings!$C$19>0),IF(BL81<=Settings!$C$19,"Protected by electorates",IF(Settings!$C$19=0,MIN(BS81-(2*BL81-1)*$D$75,BS81-Settings!$B$5),BS81-(2*BL81-1)*$D$75)),""),"") -> Protected by electorates | BP81: =IF($B$75=1,IF(OR(BS81>=Settings!$B$5,Settings!$C$19>0),MAX(0,MIN(1,(BS81/$C$75-(2*MAX(BL81,Settings!$C$19)-1))/2)),MIN(1,BS81/Settings!$B$5)),"") -> 0 | BQ81: =IF(AND($B$75=1,COUNTIF(C81:BJ81,$C$75)>0),1,0) -> 0 | BR81: =IF(AND($B$75=1,COUNTIF(C81:BJ81,$D$75)>0),1,0) -> 0 | BS81: =N(IF(Polls!M14="",Polls!M37,Polls!M14)) -> 0.02 | BT81: =IF(OR(BS81>=Settings!$B$5,Settings!$C$19>0),"Next seat","Threshold") -> Next seat
A82: OPP | B82: =IF(OR(BS82>=Settings!$B$5,Settings!$C$20>0),BS82,0) -> 0 | C82: =$B82/C$1 -> 0 | D82: =$B82/D$1 -> 0 | E82: =$B82/E$1 -> 0 | F82: =$B82/F$1 -> 0 | G82: =$B82/G$1 -> 0 | H82: =$B82/H$1 -> 0 | I82: =$B82/I$1 -> 0 | J82: =$B82/J$1 -> 0 | ... BJ82: =$B82/BJ$1 -> 0 | BL82: =IF($B$75=1,COUNTIF(C82:BJ82,">="&$C$75),0) -> 0 | BM82: =IF($B$75=1,IF(OR(BS82>=Settings!$B$5,Settings!$C$20>0),MAX(BL82,Settings!$C$20),0),0) -> 0 | BN82: =IF($B$75=1,IF(OR(BS82>=Settings!$B$5,Settings!$C$20>0),MAX(0,(2*MAX(BL82,Settings!$C$20)+1)*$C$75-BS82),MAX(0,Settings!$B$5-BS82)),"") -> 0.005 | BO82: =IF($B$75=1,IF(OR(BS82>=Settings!$B$5,Settings!$C$20>0),IF(BL82<=Settings!$C$20,"Protected by electorates",IF(Settings!$C$20=0,MIN(BS82-(2*BL82-1)*$D$75,BS82-Settings!$B$5),BS82-(2*BL82-1)*$D$75)),""),"") | BP82: =IF($B$75=1,IF(OR(BS82>=Settings!$B$5,Settings!$C$20>0),MAX(0,MIN(1,(BS82/$C$75-(2*MAX(BL82,Settings!$C$20)-1))/2)),MIN(1,BS82/Settings!$B$5)),"") -> 0.9 | BQ82: =IF(AND($B$75=1,COUNTIF(C82:BJ82,$C$75)>0),1,0) -> 0 | BR82: =IF(AND($B$75=1,COUNTIF(C82:BJ82,$D$75)>0),1,0) -> 0 | BS82: =N(IF(Polls!N14="",Polls!N37,Polls!N14)) -> 0.045 | BT82: =IF(OR(BS82>=Settings!$B$5,Settings!$C$20>0),"Next seat","Threshold") -> Threshold
A84: =Polls!A15 -> Roy Morgan Aug | B84: =IF(SUM(BS85:BS91)>0,1,0) -> 1 | C84: =IF(B84=1,LARGE(C85:BJ91,Settings!$B$4),0) -> 0.0041891892 | D84: =IF(B84=1,LARGE(C85:BJ91,Settings!$B$4+1),0) -> 0.0041333333 | E84: =IF(B84=1,IFERROR(INDEX(A85:A91,MATCH(1,BQ85:BQ91,0)),""),"") -> GRN | F84: =IF(B84=1,IFERROR(INDEX(A85:A91,MATCH(1,BR85:BR91,0)),""),"") -> NAT | G84: =IF(B84=1,SUM(BM85:BM91)+Settings!$B$10,"") -> 122
A85: NAT | B85: =IF(OR(BS85>=Settings!$B$5,Settings!$C$14>0),BS85,0) -> 0.31 | C85: =$B85/C$1 -> 0.31 | D85: =$B85/D$1 -> 0.10333333 | E85: =$B85/E$1 -> 0.062 | F85: =$B85/F$1 -> 0.044285714 | G85: =$B85/G$1 -> 0.034444444 | H85: =$B85/H$1 -> 0.028181818 | I85: =$B85/I$1 -> 0.023846154 | J85: =$B85/J$1 -> 0.020666667 | ... BJ85: =$B85/BJ$1 -> 0.002605042 | BL85: =IF($B$84=1,COUNTIF(C85:BJ85,">="&$C$84),0) -> 37 | BM85: =IF($B$84=1,IF(OR(BS85>=Settings!$B$5,Settings!$C$14>0),MAX(BL85,Settings!$C$14),0),0) -> 37 | BN85: =IF($B$84=1,IF(OR(BS85>=Settings!$B$5,Settings!$C$14>0),MAX(0,(2*MAX(BL85,Settings!$C$14)+1)*$C$84-BS85),MAX(0,Settings!$B$5-BS85)),"") -> 0.0041891892 | BO85: =IF($B$84=1,IF(OR(BS85>=Settings!$B$5,Settings!$C$14>0),IF(BL85<=Settings!$C$14,"Protected by electorates",IF(Settings!$C$14=0,MIN(BS85-(2*BL85-1)*$D$84,BS85-Settings!$B$5),BS85-(2*BL85-1)*$D$84)),""),"") -> 0.0082666667 | BP85: =IF($B$84=1,IF(OR(BS85>=Settings!$B$5,Settings!$C$14>0),MAX(0,MIN(1,(BS85/$C$84-(2*MAX(BL85,Settings!$C$14)-1))/2)),MIN(1,BS85/Settings!$B$5)),"") -> 0.5 | BQ85: =IF(AND($B$84=1,COUNTIF(C85:BJ85,$C$84)>0),1,0) -> 0 | BR85: =IF(AND($B$84=1,COUNTIF(C85:BJ85,$D$84)>0),1,0) -> 1 | BS85: =N(IF(Polls!H15="",Polls!H37,Polls!H15)) -> 0.31 | BT85: =IF(OR(BS85>=Settings!$B$5,Settings!$C$14>0),"Next seat","Threshold") -> Next seat
A86: LAB | B86: =IF(OR(BS86>=Settings!$B$5,Settings!$C$15>0),BS86,0) -> 0.24 | C86: =$B86/C$1 -> 0.24 | D86: =$B86/D$1 -> 0.08 | E86: =$B86/E$1 -> 0.048 | F86: =$B86/F$1 -> 0.034285714 | G86: =$B86/G$1 -> 0.026666667 | H86: =$B86/H$1 -> 0.021818182 | I86: =$B86/I$1 -> 0.018461538 | J86: =$B86/J$1 -> 0.016 | ... BJ86: =$B86/BJ$1 -> 0.0020168067 | BL86: =IF($B$84=1,COUNTIF(C86:BJ86,">="&$C$84),0) -> 29 | BM86: =IF($B$84=1,IF(OR(BS86>=Settings!$B$5,Settings!$C$15>0),MAX(BL86,Settings!$C$15),0),0) -> 29 | BN86: =IF($B$84=1,IF(OR(BS86>=Settings!$B$5,Settings!$C$15>0),MAX(0,(2*MAX(BL86,Settings!$C$15)+1)*$C$84-BS86),MAX(0,Settings!$B$5-BS86)),"") -> 0.0071621622 | BO86: =IF($B$84=1,IF(OR(BS86>=Settings!$B$5,Settings!$C$15>0),IF(BL86<=Settings!$C$15,"Protected by electorates",IF(Settings!$C$15=0,MIN(BS86-(2*BL86-1)*$D$84,BS86-Settings!$B$5),BS86-(2*BL86-1)*$D$84)),""),"") -> 0.0044 | BP86: =IF($B$84=1,IF(OR(BS86>=Settings!$B$5,Settings!$C$15>0),MAX(0,MIN(1,(BS86/$C$84-(2*MAX(BL86,Settings!$C$15)-1))/2)),MIN(1,BS86/Settings!$B$5)),"") -> 0.14516129 | BQ86: =IF(AND($B$84=1,COUNTIF(C86:BJ86,$C$84)>0),1,0) -> 0 | BR86: =IF(AND($B$84=1,COUNTIF(C86:BJ86,$D$84)>0),1,0) -> 0 | BS86: =N(IF(Polls!I15="",Polls!I37,Polls!I15)) -> 0.24 | BT86: =IF(OR(BS86>=Settings!$B$5,Settings!$C$15>0),"Next seat","Threshold") -> Next seat
A87: GRN | B87: =IF(OR(BS87>=Settings!$B$5,Settings!$C$16>0),BS87,0) -> 0.155 | C87: =$B87/C$1 -> 0.155 | D87: =$B87/D$1 -> 0.051666667 | E87: =$B87/E$1 -> 0.031 | F87: =$B87/F$1 -> 0.022142857 | G87: =$B87/G$1 -> 0.017222222 | H87: =$B87/H$1 -> 0.014090909 | I87: =$B87/I$1 -> 0.011923077 | J87: =$B87/J$1 -> 0.010333333 | ... BJ87: =$B87/BJ$1 -> 0.001302521 | BL87: =IF($B$84=1,COUNTIF(C87:BJ87,">="&$C$84),0) -> 19 | BM87: =IF($B$84=1,IF(OR(BS87>=Settings!$B$5,Settings!$C$16>0),MAX(BL87,Settings!$C$16),0),0) -> 19 | BN87: =IF($B$84=1,IF(OR(BS87>=Settings!$B$5,Settings!$C$16>0),MAX(0,(2*MAX(BL87,Settings!$C$16)+1)*$C$84-BS87),MAX(0,Settings!$B$5-BS87)),"") -> 0.0083783784 | BO87: =IF($B$84=1,IF(OR(BS87>=Settings!$B$5,Settings!$C$16>0),IF(BL87<=Settings!$C$16,"Protected by electorates",IF(Settings!$C$16=0,MIN(BS87-(2*BL87-1)*$D$84,BS87-Settings!$B$5),BS87-(2*BL87-1)*$D$84)),""),"") -> 0.0020666667 | BP87: =IF($B$84=1,IF(OR(BS87>=Settings!$B$5,Settings!$C$16>0),MAX(0,MIN(1,(BS87/$C$84-(2*MAX(BL87,Settings!$C$16)-1))/2)),MIN(1,BS87/Settings!$B$5)),"") -> 0 | BQ87: =IF(AND($B$84=1,COUNTIF(C87:BJ87,$C$84)>0),1,0) -> 1 | BR87: =IF(AND($B$84=1,COUNTIF(C87:BJ87,$D$84)>0),1,0) -> 0 | BS87: =N(IF(Polls!J15="",Polls!J37,Polls!J15)) -> 0.155 | BT87: =IF(OR(BS87>=Settings!$B$5,Settings!$C$16>0),"Next seat","Threshold") -> Next seat
A88: ACT | B88: =IF(OR(BS88>=Settings!$B$5,Settings!$C$17>0),BS88,0) -> 0.105 | C88: =$B88/C$1 -> 0.105 | D88: =$B88/D$1 -> 0.035 | E88: =$B88/E$1 -> 0.021 | F88: =$B88/F$1 -> 0.015 | G88: =$B88/G$1 -> 0.011666667 | H88: =$B88/H$1 -> 0.0095454545 | I88: =$B88/I$1 -> 0.0080769231 | J88: =$B88/J$1 -> 0.007 | ... BJ88: =$B88/BJ$1 -> 0.00088235294 | BL88: =IF($B$84=1,COUNTIF(C88:BJ88,">="&$C$84),0) -> 13 | BM88: =IF($B$84=1,IF(OR(BS88>=Settings!$B$5,Settings!$C$17>0),MAX(BL88,Settings!$C$17),0),0) -> 13 | BN88: =IF($B$84=1,IF(OR(BS88>=Settings!$B$5,Settings!$C$17>0),MAX(0,(2*MAX(BL88,Settings!$C$17)+1)*$C$84-BS88),MAX(0,Settings!$B$5-BS88)),"") -> 0.0081081081 | BO88: =IF($B$84=1,IF(OR(BS88>=Settings!$B$5,Settings!$C$17>0),IF(BL88<=Settings!$C$17,"Protected by electorates",IF(Settings!$C$17=0,MIN(BS88-(2*BL88-1)*$D$84,BS88-Settings!$B$5),BS88-(2*BL88-1)*$D$84)),""),"") -> 0.0016666667 | BP88: =IF($B$84=1,IF(OR(BS88>=Settings!$B$5,Settings!$C$17>0),MAX(0,MIN(1,(BS88/$C$84-(2*MAX(BL88,Settings!$C$17)-1))/2)),MIN(1,BS88/Settings!$B$5)),"") -> 0.032258065 | BQ88: =IF(AND($B$84=1,COUNTIF(C88:BJ88,$C$84)>0),1,0) -> 0 | BR88: =IF(AND($B$84=1,COUNTIF(C88:BJ88,$D$84)>0),1,0) -> 0 | BS88: =N(IF(Polls!K15="",Polls!K37,Polls!K15)) -> 0.105 | BT88: =IF(OR(BS88>=Settings!$B$5,Settings!$C$17>0),"Next seat","Threshold") -> Next seat
A89: NZF | B89: =IF(OR(BS89>=Settings!$B$5,Settings!$C$18>0),BS89,0) -> 0.075 | C89: =$B89/C$1 -> 0.075 | D89: =$B89/D$1 -> 0.025 | E89: =$B89/E$1 -> 0.015 | F89: =$B89/F$1 -> 0.010714286 | G89: =$B89/G$1 -> 0.0083333333 | H89: =$B89/H$1 -> 0.0068181818 | I89: =$B89/I$1 -> 0.0057692308 | J89: =$B89/J$1 -> 0.005 | ... BJ89: =$B89/BJ$1 -> 0.0006302521 | BL89: =IF($B$84=1,COUNTIF(C89:BJ89,">="&$C$84),0) -> 9 | BM89: =IF($B$84=1,IF(OR(BS89>=Settings!$B$5,Settings!$C$18>0),MAX(BL89,Settings!$C$18),0),0) -> 9 | BN89: =IF($B$84=1,IF(OR(BS89>=Settings!$B$5,Settings!$C$18>0),MAX(0,(2*MAX(BL89,Settings!$C$18)+1)*$C$84-BS89),MAX(0,Settings!$B$5-BS89)),"") -> 0.0045945946 | BO89: =IF($B$84=1,IF(OR(BS89>=Settings!$B$5,Settings!$C$18>0),IF(BL89<=Settings!$C$18,"Protected by electorates",IF(Settings!$C$18=0,MIN(BS89-(2*BL89-1)*$D$84,BS89-Settings!$B$5),BS89-(2*BL89-1)*$D$84)),""),"") -> 0.0047333333 | BP89: =IF($B$84=1,IF(OR(BS89>=Settings!$B$5,Settings!$C$18>0),MAX(0,MIN(1,(BS89/$C$84-(2*MAX(BL89,Settings!$C$18)-1))/2)),MIN(1,BS89/Settings!$B$5)),"") -> 0.4516129 | BQ89: =IF(AND($B$84=1,COUNTIF(C89:BJ89,$C$84)>0),1,0) -> 0 | BR89: =IF(AND($B$84=1,COUNTIF(C89:BJ89,$D$84)>0),1,0) -> 0 | BS89: =N(IF(Polls!L15="",Polls!L37,Polls!L15)) -> 0.075 | BT89: =IF(OR(BS89>=Settings!$B$5,Settings!$C$18>0),"Next seat","Threshold") -> Next seat
A90: TPM | B90: =IF(OR(BS90>=Settings!$B$5,Settings!$C$19>0),BS90,0) -> 0.015 | C90: =$B90/C$1 -> 0.015 | D90: =$B90/D$1 -> 0.005 | E90: =$B90/E$1 -> 0.003 | F90: =$B90/F$1 -> 0.0021428571 | G90: =$B90/G$1 -> 0.0016666667 | H90: =$B90/H$1 -> 0.0013636364 | I90: =$B90/I$1 -> 0.0011538462 | J90: =$B90/J$1 -> 0.001 | ... BJ90: =$B90/BJ$1 -> 0.00012605042 | BL90: =IF($B$84=1,COUNTIF(C90:BJ90,">="&$C$84),0) -> 2 | BM90: =IF($B$84=1,IF(OR(BS90>=Settings!$B$5,Settings!$C$19>0),MAX(BL90,Settings!$C$19),0),0) -> 4 | BN90: =IF($B$84=1,IF(OR(BS90>=Settings!$B$5,Settings!$C$19>0),MAX(0,(2*MAX(BL90,Settings!$C$19)+1)*$C$84-BS90),MAX(0,Settings!$B$5-BS90)),"") -> 0.022702703 | BO90: =IF($B$84=1,IF(OR(BS90>=Settings!$B$5,Settings!$C$19>0),IF(BL90<=Settings!$C$19,"Protected by electorates",IF(Settings!$C$19=0,MIN(BS90-(2*BL90-1)*$D$84,BS90-Settings!$B$5),BS90-(2*BL90-1)*$D$84)),""),"") -> Protected by electorates | BP90: =IF($B$84=1,IF(OR(BS90>=Settings!$B$5,Settings!$C$19>0),MAX(0,MIN(1,(BS90/$C$84-(2*MAX(BL90,Settings!$C$19)-1))/2)),MIN(1,BS90/Settings!$B$5)),"") -> 0 | BQ90: =IF(AND($B$84=1,COUNTIF(C90:BJ90,$C$84)>0),1,0) -> 0 | BR90: =IF(AND($B$84=1,COUNTIF(C90:BJ90,$D$84)>0),1,0) -> 0 | BS90: =N(IF(Polls!M15="",Polls!M37,Polls!M15)) -> 0.015 | BT90: =IF(OR(BS90>=Settings!$B$5,Settings!$C$19>0),"Next seat","Threshold") -> Next seat
A91: OPP | B91: =IF(OR(BS91>=Settings!$B$5,Settings!$C$20>0),BS91,0) -> 0.095 | C91: =$B91/C$1 -> 0.095 | D91: =$B91/D$1 -> 0.031666667 | E91: =$B91/E$1 -> 0.019 | F91: =$B91/F$1 -> 0.013571429 | G91: =$B91/G$1 -> 0.010555556 | H91: =$B91/H$1 -> 0.0086363636 | I91: =$B91/I$1 -> 0.0073076923 | J91: =$B91/J$1 -> 0.0063333333 | ... BJ91: =$B91/BJ$1 -> 0.00079831933 | BL91: =IF($B$84=1,COUNTIF(C91:BJ91,">="&$C$84),0) -> 11 | BM91: =IF($B$84=1,IF(OR(BS91>=Settings!$B$5,Settings!$C$20>0),MAX(BL91,Settings!$C$20),0),0) -> 11 | BN91: =IF($B$84=1,IF(OR(BS91>=Settings!$B$5,Settings!$C$20>0),MAX(0,(2*MAX(BL91,Settings!$C$20)+1)*$C$84-BS91),MAX(0,Settings!$B$5-BS91)),"") -> 0.0013513514 | BO91: =IF($B$84=1,IF(OR(BS91>=Settings!$B$5,Settings!$C$20>0),IF(BL91<=Settings!$C$20,"Protected by electorates",IF(Settings!$C$20=0,MIN(BS91-(2*BL91-1)*$D$84,BS91-Settings!$B$5),BS91-(2*BL91-1)*$D$84)),""),"") -> 0.0082 | BP91: =IF($B$84=1,IF(OR(BS91>=Settings!$B$5,Settings!$C$20>0),MAX(0,MIN(1,(BS91/$C$84-(2*MAX(BL91,Settings!$C$20)-1))/2)),MIN(1,BS91/Settings!$B$5)),"") -> 0.83870968 | BQ91: =IF(AND($B$84=1,COUNTIF(C91:BJ91,$C$84)>0),1,0) -> 0 | BR91: =IF(AND($B$84=1,COUNTIF(C91:BJ91,$D$84)>0),1,0) -> 0 | BS91: =N(IF(Polls!N15="",Polls!N37,Polls!N15)) -> 0.095 | BT91: =IF(OR(BS91>=Settings!$B$5,Settings!$C$20>0),"Next seat","Threshold") -> Next seat
A93: =Polls!A16 -> Reid Aug | B93: =IF(SUM(BS94:BS100)>0,1,0) -> 1 | C93: =IF(B93=1,LARGE(C94:BJ100,Settings!$B$4),0) -> 0.0041034483 | D93: =IF(B93=1,LARGE(C94:BJ100,Settings!$B$4+1),0) -> 0.0040985915 | E93: =IF(B93=1,IFERROR(INDEX(A94:A100,MATCH(1,BQ94:BQ100,0)),""),"") -> NZF | F93: =IF(B93=1,IFERROR(INDEX(A94:A100,MATCH(1,BR94:BR100,0)),""),"") -> NAT | G93: =IF(B93=1,SUM(BM94:BM100)+Settings!$B$10,"") -> 120
A94: NAT | B94: =IF(OR(BS94>=Settings!$B$5,Settings!$C$14>0),BS94,0) -> 0.291 | C94: =$B94/C$1 -> 0.291 | D94: =$B94/D$1 -> 0.097 | E94: =$B94/E$1 -> 0.0582 | F94: =$B94/F$1 -> 0.041571429 | G94: =$B94/G$1 -> 0.032333333 | H94: =$B94/H$1 -> 0.026454545 | I94: =$B94/I$1 -> 0.022384615 | J94: =$B94/J$1 -> 0.0194 | ... BJ94: =$B94/BJ$1 -> 0.0024453782 | BL94: =IF($B$93=1,COUNTIF(C94:BJ94,">="&$C$93),0) -> 35 | BM94: =IF($B$93=1,IF(OR(BS94>=Settings!$B$5,Settings!$C$14>0),MAX(BL94,Settings!$C$14),0),0) -> 35 | BN94: =IF($B$93=1,IF(OR(BS94>=Settings!$B$5,Settings!$C$14>0),MAX(0,(2*MAX(BL94,Settings!$C$14)+1)*$C$93-BS94),MAX(0,Settings!$B$5-BS94)),"") -> 0.00034482759 | BO94: =IF($B$93=1,IF(OR(BS94>=Settings!$B$5,Settings!$C$14>0),IF(BL94<=Settings!$C$14,"Protected by electorates",IF(Settings!$C$14=0,MIN(BS94-(2*BL94-1)*$D$93,BS94-Settings!$B$5),BS94-(2*BL94-1)*$D$93)),""),"") -> 0.0081971831 | BP94: =IF($B$93=1,IF(OR(BS94>=Settings!$B$5,Settings!$C$14>0),MAX(0,MIN(1,(BS94/$C$93-(2*MAX(BL94,Settings!$C$14)-1))/2)),MIN(1,BS94/Settings!$B$5)),"") -> 0.95798319 | BQ94: =IF(AND($B$93=1,COUNTIF(C94:BJ94,$C$93)>0),1,0) -> 0 | BR94: =IF(AND($B$93=1,COUNTIF(C94:BJ94,$D$93)>0),1,0) -> 1 | BS94: =N(IF(Polls!H16="",Polls!H37,Polls!H16)) -> 0.291 | BT94: =IF(OR(BS94>=Settings!$B$5,Settings!$C$14>0),"Next seat","Threshold") -> Next seat
A95: LAB | B95: =IF(OR(BS95>=Settings!$B$5,Settings!$C$15>0),BS95,0) -> 0.322 | C95: =$B95/C$1 -> 0.322 | D95: =$B95/D$1 -> 0.10733333 | E95: =$B95/E$1 -> 0.0644 | F95: =$B95/F$1 -> 0.046 | G95: =$B95/G$1 -> 0.035777778 | H95: =$B95/H$1 -> 0.029272727 | I95: =$B95/I$1 -> 0.024769231 | J95: =$B95/J$1 -> 0.021466667 | ... BJ95: =$B95/BJ$1 -> 0.0027058824 | BL95: =IF($B$93=1,COUNTIF(C95:BJ95,">="&$C$93),0) -> 39 | BM95: =IF($B$93=1,IF(OR(BS95>=Settings!$B$5,Settings!$C$15>0),MAX(BL95,Settings!$C$15),0),0) -> 39 | BN95: =IF($B$93=1,IF(OR(BS95>=Settings!$B$5,Settings!$C$15>0),MAX(0,(2*MAX(BL95,Settings!$C$15)+1)*$C$93-BS95),MAX(0,Settings!$B$5-BS95)),"") -> 0.0021724138 | BO95: =IF($B$93=1,IF(OR(BS95>=Settings!$B$5,Settings!$C$15>0),IF(BL95<=Settings!$C$15,"Protected by electorates",IF(Settings!$C$15=0,MIN(BS95-(2*BL95-1)*$D$93,BS95-Settings!$B$5),BS95-(2*BL95-1)*$D$93)),""),"") -> 0.0064084507 | BP95: =IF($B$93=1,IF(OR(BS95>=Settings!$B$5,Settings!$C$15>0),MAX(0,MIN(1,(BS95/$C$93-(2*MAX(BL95,Settings!$C$15)-1))/2)),MIN(1,BS95/Settings!$B$5)),"") -> 0.73529412 | BQ95: =IF(AND($B$93=1,COUNTIF(C95:BJ95,$C$93)>0),1,0) -> 0 | BR95: =IF(AND($B$93=1,COUNTIF(C95:BJ95,$D$93)>0),1,0) -> 0 | BS95: =N(IF(Polls!I16="",Polls!I37,Polls!I16)) -> 0.322 | BT95: =IF(OR(BS95>=Settings!$B$5,Settings!$C$15>0),"Next seat","Threshold") -> Next seat
A96: GRN | B96: =IF(OR(BS96>=Settings!$B$5,Settings!$C$16>0),BS96,0) -> 0.102 | C96: =$B96/C$1 -> 0.102 | D96: =$B96/D$1 -> 0.034 | E96: =$B96/E$1 -> 0.0204 | F96: =$B96/F$1 -> 0.014571429 | G96: =$B96/G$1 -> 0.011333333 | H96: =$B96/H$1 -> 0.0092727273 | I96: =$B96/I$1 -> 0.0078461538 | J96: =$B96/J$1 -> 0.0068 | ... BJ96: =$B96/BJ$1 -> 0.00085714286 | BL96: =IF($B$93=1,COUNTIF(C96:BJ96,">="&$C$93),0) -> 12 | BM96: =IF($B$93=1,IF(OR(BS96>=Settings!$B$5,Settings!$C$16>0),MAX(BL96,Settings!$C$16),0),0) -> 12 | BN96: =IF($B$93=1,IF(OR(BS96>=Settings!$B$5,Settings!$C$16>0),MAX(0,(2*MAX(BL96,Settings!$C$16)+1)*$C$93-BS96),MAX(0,Settings!$B$5-BS96)),"") -> 0.0005862069 | BO96: =IF($B$93=1,IF(OR(BS96>=Settings!$B$5,Settings!$C$16>0),IF(BL96<=Settings!$C$16,"Protected by electorates",IF(Settings!$C$16=0,MIN(BS96-(2*BL96-1)*$D$93,BS96-Settings!$B$5),BS96-(2*BL96-1)*$D$93)),""),"") -> 0.0077323944 | BP96: =IF($B$93=1,IF(OR(BS96>=Settings!$B$5,Settings!$C$16>0),MAX(0,MIN(1,(BS96/$C$93-(2*MAX(BL96,Settings!$C$16)-1))/2)),MIN(1,BS96/Settings!$B$5)),"") -> 0.92857143 | BQ96: =IF(AND($B$93=1,COUNTIF(C96:BJ96,$C$93)>0),1,0) -> 0 | BR96: =IF(AND($B$93=1,COUNTIF(C96:BJ96,$D$93)>0),1,0) -> 0 | BS96: =N(IF(Polls!J16="",Polls!J37,Polls!J16)) -> 0.102 | BT96: =IF(OR(BS96>=Settings!$B$5,Settings!$C$16>0),"Next seat","Threshold") -> Next seat
A97: ACT | B97: =IF(OR(BS97>=Settings!$B$5,Settings!$C$17>0),BS97,0) -> 0.077 | C97: =$B97/C$1 -> 0.077 | D97: =$B97/D$1 -> 0.025666667 | E97: =$B97/E$1 -> 0.0154 | F97: =$B97/F$1 -> 0.011 | G97: =$B97/G$1 -> 0.0085555556 | H97: =$B97/H$1 -> 0.007 | I97: =$B97/I$1 -> 0.0059230769 | J97: =$B97/J$1 -> 0.0051333333 | ... BJ97: =$B97/BJ$1 -> 0.00064705882 | BL97: =IF($B$93=1,COUNTIF(C97:BJ97,">="&$C$93),0) -> 9 | BM97: =IF($B$93=1,IF(OR(BS97>=Settings!$B$5,Settings!$C$17>0),MAX(BL97,Settings!$C$17),0),0) -> 9 | BN97: =IF($B$93=1,IF(OR(BS97>=Settings!$B$5,Settings!$C$17>0),MAX(0,(2*MAX(BL97,Settings!$C$17)+1)*$C$93-BS97),MAX(0,Settings!$B$5-BS97)),"") -> 0.00096551724 | BO97: =IF($B$93=1,IF(OR(BS97>=Settings!$B$5,Settings!$C$17>0),IF(BL97<=Settings!$C$17,"Protected by electorates",IF(Settings!$C$17=0,MIN(BS97-(2*BL97-1)*$D$93,BS97-Settings!$B$5),BS97-(2*BL97-1)*$D$93)),""),"") -> 0.0073239437 | BP97: =IF($B$93=1,IF(OR(BS97>=Settings!$B$5,Settings!$C$17>0),MAX(0,MIN(1,(BS97/$C$93-(2*MAX(BL97,Settings!$C$17)-1))/2)),MIN(1,BS97/Settings!$B$5)),"") -> 0.88235294 | BQ97: =IF(AND($B$93=1,COUNTIF(C97:BJ97,$C$93)>0),1,0) -> 0 | BR97: =IF(AND($B$93=1,COUNTIF(C97:BJ97,$D$93)>0),1,0) -> 0 | BS97: =N(IF(Polls!K16="",Polls!K37,Polls!K16)) -> 0.077 | BT97: =IF(OR(BS97>=Settings!$B$5,Settings!$C$17>0),"Next seat","Threshold") -> Next seat
A98: NZF | B98: =IF(OR(BS98>=Settings!$B$5,Settings!$C$18>0),BS98,0) -> 0.119 | C98: =$B98/C$1 -> 0.119 | D98: =$B98/D$1 -> 0.039666667 | E98: =$B98/E$1 -> 0.0238 | F98: =$B98/F$1 -> 0.017 | G98: =$B98/G$1 -> 0.013222222 | H98: =$B98/H$1 -> 0.010818182 | I98: =$B98/I$1 -> 0.0091538462 | J98: =$B98/J$1 -> 0.0079333333 | ... BJ98: =$B98/BJ$1 -> 0.001 | BL98: =IF($B$93=1,COUNTIF(C98:BJ98,">="&$C$93),0) -> 15 | BM98: =IF($B$93=1,IF(OR(BS98>=Settings!$B$5,Settings!$C$18>0),MAX(BL98,Settings!$C$18),0),0) -> 15 | BN98: =IF($B$93=1,IF(OR(BS98>=Settings!$B$5,Settings!$C$18>0),MAX(0,(2*MAX(BL98,Settings!$C$18)+1)*$C$93-BS98),MAX(0,Settings!$B$5-BS98)),"") -> 0.0082068966 | BO98: =IF($B$93=1,IF(OR(BS98>=Settings!$B$5,Settings!$C$18>0),IF(BL98<=Settings!$C$18,"Protected by electorates",IF(Settings!$C$18=0,MIN(BS98-(2*BL98-1)*$D$93,BS98-Settings!$B$5),BS98-(2*BL98-1)*$D$93)),""),"") -> 0.00014084507 | BP98: =IF($B$93=1,IF(OR(BS98>=Settings!$B$5,Settings!$C$18>0),MAX(0,MIN(1,(BS98/$C$93-(2*MAX(BL98,Settings!$C$18)-1))/2)),MIN(1,BS98/Settings!$B$5)),"") -> 0 | BQ98: =IF(AND($B$93=1,COUNTIF(C98:BJ98,$C$93)>0),1,0) -> 1 | BR98: =IF(AND($B$93=1,COUNTIF(C98:BJ98,$D$93)>0),1,0) -> 0 | BS98: =N(IF(Polls!L16="",Polls!L37,Polls!L16)) -> 0.119 | BT98: =IF(OR(BS98>=Settings!$B$5,Settings!$C$18>0),"Next seat","Threshold") -> Next seat
A99: TPM | B99: =IF(OR(BS99>=Settings!$B$5,Settings!$C$19>0),BS99,0) -> 0.03 | C99: =$B99/C$1 -> 0.03 | D99: =$B99/D$1 -> 0.01 | E99: =$B99/E$1 -> 0.006 | F99: =$B99/F$1 -> 0.0042857143 | G99: =$B99/G$1 -> 0.0033333333 | H99: =$B99/H$1 -> 0.0027272727 | I99: =$B99/I$1 -> 0.0023076923 | J99: =$B99/J$1 -> 0.002 | ... BJ99: =$B99/BJ$1 -> 0.00025210084 | BL99: =IF($B$93=1,COUNTIF(C99:BJ99,">="&$C$93),0) -> 4 | BM99: =IF($B$93=1,IF(OR(BS99>=Settings!$B$5,Settings!$C$19>0),MAX(BL99,Settings!$C$19),0),0) -> 4 | BN99: =IF($B$93=1,IF(OR(BS99>=Settings!$B$5,Settings!$C$19>0),MAX(0,(2*MAX(BL99,Settings!$C$19)+1)*$C$93-BS99),MAX(0,Settings!$B$5-BS99)),"") -> 0.0069310345 | BO99: =IF($B$93=1,IF(OR(BS99>=Settings!$B$5,Settings!$C$19>0),IF(BL99<=Settings!$C$19,"Protected by electorates",IF(Settings!$C$19=0,MIN(BS99-(2*BL99-1)*$D$93,BS99-Settings!$B$5),BS99-(2*BL99-1)*$D$93)),""),"") -> Protected by electorates | BP99: =IF($B$93=1,IF(OR(BS99>=Settings!$B$5,Settings!$C$19>0),MAX(0,MIN(1,(BS99/$C$93-(2*MAX(BL99,Settings!$C$19)-1))/2)),MIN(1,BS99/Settings!$B$5)),"") -> 0.15546218 | BQ99: =IF(AND($B$93=1,COUNTIF(C99:BJ99,$C$93)>0),1,0) -> 0 | BR99: =IF(AND($B$93=1,COUNTIF(C99:BJ99,$D$93)>0),1,0) -> 0 | BS99: =N(IF(Polls!M16="",Polls!M37,Polls!M16)) -> 0.03 | BT99: =IF(OR(BS99>=Settings!$B$5,Settings!$C$19>0),"Next seat","Threshold") -> Next seat
A100: OPP | B100: =IF(OR(BS100>=Settings!$B$5,Settings!$C$20>0),BS100,0) -> 0.053 | C100: =$B100/C$1 -> 0.053 | D100: =$B100/D$1 -> 0.017666667 | E100: =$B100/E$1 -> 0.0106 | F100: =$B100/F$1 -> 0.0075714286 | G100: =$B100/G$1 -> 0.0058888889 | H100: =$B100/H$1 -> 0.0048181818 | I100: =$B100/I$1 -> 0.0040769231 | J100: =$B100/J$1 -> 0.0035333333 | ... BJ100: =$B100/BJ$1 -> 0.00044537815 | BL100: =IF($B$93=1,COUNTIF(C100:BJ100,">="&$C$93),0) -> 6 | BM100: =IF($B$93=1,IF(OR(BS100>=Settings!$B$5,Settings!$C$20>0),MAX(BL100,Settings!$C$20),0),0) -> 6 | BN100: =IF($B$93=1,IF(OR(BS100>=Settings!$B$5,Settings!$C$20>0),MAX(0,(2*MAX(BL100,Settings!$C$20)+1)*$C$93-BS100),MAX(0,Settings!$B$5-BS100)),"") -> 0.00034482759 | BO100: =IF($B$93=1,IF(OR(BS100>=Settings!$B$5,Settings!$C$20>0),IF(BL100<=Settings!$C$20,"Protected by electorates",IF(Settings!$C$20=0,MIN(BS100-(2*BL100-1)*$D$93,BS100-Settings!$B$5),BS100-(2*BL100-1)*$D$93)),""),"") -> 0.003 | BP100: =IF($B$93=1,IF(OR(BS100>=Settings!$B$5,Settings!$C$20>0),MAX(0,MIN(1,(BS100/$C$93-(2*MAX(BL100,Settings!$C$20)-1))/2)),MIN(1,BS100/Settings!$B$5)),"") -> 0.95798319 | BQ100: =IF(AND($B$93=1,COUNTIF(C100:BJ100,$C$93)>0),1,0) -> 0 | BR100: =IF(AND($B$93=1,COUNTIF(C100:BJ100,$D$93)>0),1,0) -> 0 | BS100: =N(IF(Polls!N16="",Polls!N37,Polls!N16)) -> 0.053 | BT100: =IF(OR(BS100>=Settings!$B$5,Settings!$C$20>0),"Next seat","Threshold") -> Next seat
A102: =Polls!A17 -> Verian Aug | B102: =IF(SUM(BS103:BS109)>0,1,0) -> 1 | C102: =IF(B102=1,LARGE(C103:BJ109,Settings!$B$4),0) -> 0.004084507 | D102: =IF(B102=1,LARGE(C103:BJ109,Settings!$B$4+1),0) -> 0.004 | E102: =IF(B102=1,IFERROR(INDEX(A103:A109,MATCH(1,BQ103:BQ109,0)),""),"") -> NAT | F102: =IF(B102=1,IFERROR(INDEX(A103:A109,MATCH(1,BR103:BR109,0)),""),"") -> LAB | G102: =IF(B102=1,SUM(BM103:BM109)+Settings!$B$10,"") -> 123
A103: NAT | B103: =IF(OR(BS103>=Settings!$B$5,Settings!$C$14>0),BS103,0) -> 0.29 | C103: =$B103/C$1 -> 0.29 | D103: =$B103/D$1 -> 0.096666667 | E103: =$B103/E$1 -> 0.058 | F103: =$B103/F$1 -> 0.041428571 | G103: =$B103/G$1 -> 0.032222222 | H103: =$B103/H$1 -> 0.026363636 | I103: =$B103/I$1 -> 0.022307692 | J103: =$B103/J$1 -> 0.019333333 | ... BJ103: =$B103/BJ$1 -> 0.0024369748 | BL103: =IF($B$102=1,COUNTIF(C103:BJ103,">="&$C$102),0) -> 36 | BM103: =IF($B$102=1,IF(OR(BS103>=Settings!$B$5,Settings!$C$14>0),MAX(BL103,Settings!$C$14),0),0) -> 36 | BN103: =IF($B$102=1,IF(OR(BS103>=Settings!$B$5,Settings!$C$14>0),MAX(0,(2*MAX(BL103,Settings!$C$14)+1)*$C$102-BS103),MAX(0,Settings!$B$5-BS103)),"") -> 0.0081690141 | BO103: =IF($B$102=1,IF(OR(BS103>=Settings!$B$5,Settings!$C$14>0),IF(BL103<=Settings!$C$14,"Protected by electorates",IF(Settings!$C$14=0,MIN(BS103-(2*BL103-1)*$D$102,BS103-Settings!$B$5),BS103-(2*BL103-1)*$D$102)),""),"") -> 0.006 | BP103: =IF($B$102=1,IF(OR(BS103>=Settings!$B$5,Settings!$C$14>0),MAX(0,MIN(1,(BS103/$C$102-(2*MAX(BL103,Settings!$C$14)-1))/2)),MIN(1,BS103/Settings!$B$5)),"") -> 0 | BQ103: =IF(AND($B$102=1,COUNTIF(C103:BJ103,$C$102)>0),1,0) -> 1 | BR103: =IF(AND($B$102=1,COUNTIF(C103:BJ103,$D$102)>0),1,0) -> 0 | BS103: =N(IF(Polls!H17="",Polls!H37,Polls!H17)) -> 0.29 | BT103: =IF(OR(BS103>=Settings!$B$5,Settings!$C$14>0),"Next seat","Threshold") -> Next seat
A104: LAB | B104: =IF(OR(BS104>=Settings!$B$5,Settings!$C$15>0),BS104,0) -> 0.3 | C104: =$B104/C$1 -> 0.3 | D104: =$B104/D$1 -> 0.1 | E104: =$B104/E$1 -> 0.06 | F104: =$B104/F$1 -> 0.042857143 | G104: =$B104/G$1 -> 0.033333333 | H104: =$B104/H$1 -> 0.027272727 | I104: =$B104/I$1 -> 0.023076923 | J104: =$B104/J$1 -> 0.02 | ... BJ104: =$B104/BJ$1 -> 0.0025210084 | BL104: =IF($B$102=1,COUNTIF(C104:BJ104,">="&$C$102),0) -> 37 | BM104: =IF($B$102=1,IF(OR(BS104>=Settings!$B$5,Settings!$C$15>0),MAX(BL104,Settings!$C$15),0),0) -> 37 | BN104: =IF($B$102=1,IF(OR(BS104>=Settings!$B$5,Settings!$C$15>0),MAX(0,(2*MAX(BL104,Settings!$C$15)+1)*$C$102-BS104),MAX(0,Settings!$B$5-BS104)),"") -> 0.0063380282 | BO104: =IF($B$102=1,IF(OR(BS104>=Settings!$B$5,Settings!$C$15>0),IF(BL104<=Settings!$C$15,"Protected by electorates",IF(Settings!$C$15=0,MIN(BS104-(2*BL104-1)*$D$102,BS104-Settings!$B$5),BS104-(2*BL104-1)*$D$102)),""),"") -> 0.008 | BP104: =IF($B$102=1,IF(OR(BS104>=Settings!$B$5,Settings!$C$15>0),MAX(0,MIN(1,(BS104/$C$102-(2*MAX(BL104,Settings!$C$15)-1))/2)),MIN(1,BS104/Settings!$B$5)),"") -> 0.22413793 | BQ104: =IF(AND($B$102=1,COUNTIF(C104:BJ104,$C$102)>0),1,0) -> 0 | BR104: =IF(AND($B$102=1,COUNTIF(C104:BJ104,$D$102)>0),1,0) -> 1 | BS104: =N(IF(Polls!I17="",Polls!I37,Polls!I17)) -> 0.3 | BT104: =IF(OR(BS104>=Settings!$B$5,Settings!$C$15>0),"Next seat","Threshold") -> Next seat
A105: GRN | B105: =IF(OR(BS105>=Settings!$B$5,Settings!$C$16>0),BS105,0) -> 0.12 | C105: =$B105/C$1 -> 0.12 | D105: =$B105/D$1 -> 0.04 | E105: =$B105/E$1 -> 0.024 | F105: =$B105/F$1 -> 0.017142857 | G105: =$B105/G$1 -> 0.013333333 | H105: =$B105/H$1 -> 0.010909091 | I105: =$B105/I$1 -> 0.0092307692 | J105: =$B105/J$1 -> 0.008 | ... BJ105: =$B105/BJ$1 -> 0.0010084034 | BL105: =IF($B$102=1,COUNTIF(C105:BJ105,">="&$C$102),0) -> 15 | BM105: =IF($B$102=1,IF(OR(BS105>=Settings!$B$5,Settings!$C$16>0),MAX(BL105,Settings!$C$16),0),0) -> 15 | BN105: =IF($B$102=1,IF(OR(BS105>=Settings!$B$5,Settings!$C$16>0),MAX(0,(2*MAX(BL105,Settings!$C$16)+1)*$C$102-BS105),MAX(0,Settings!$B$5-BS105)),"") -> 0.0066197183 | BO105: =IF($B$102=1,IF(OR(BS105>=Settings!$B$5,Settings!$C$16>0),IF(BL105<=Settings!$C$16,"Protected by electorates",IF(Settings!$C$16=0,MIN(BS105-(2*BL105-1)*$D$102,BS105-Settings!$B$5),BS105-(2*BL105-1)*$D$102)),""),"") -> 0.004 | BP105: =IF($B$102=1,IF(OR(BS105>=Settings!$B$5,Settings!$C$16>0),MAX(0,MIN(1,(BS105/$C$102-(2*MAX(BL105,Settings!$C$16)-1))/2)),MIN(1,BS105/Settings!$B$5)),"") -> 0.18965517 | BQ105: =IF(AND($B$102=1,COUNTIF(C105:BJ105,$C$102)>0),1,0) -> 0 | BR105: =IF(AND($B$102=1,COUNTIF(C105:BJ105,$D$102)>0),1,0) -> 0 | BS105: =N(IF(Polls!J17="",Polls!J37,Polls!J17)) -> 0.12 | BT105: =IF(OR(BS105>=Settings!$B$5,Settings!$C$16>0),"Next seat","Threshold") -> Next seat
A106: ACT | B106: =IF(OR(BS106>=Settings!$B$5,Settings!$C$17>0),BS106,0) -> 0.09 | C106: =$B106/C$1 -> 0.09 | D106: =$B106/D$1 -> 0.03 | E106: =$B106/E$1 -> 0.018 | F106: =$B106/F$1 -> 0.012857143 | G106: =$B106/G$1 -> 0.01 | H106: =$B106/H$1 -> 0.0081818182 | I106: =$B106/I$1 -> 0.0069230769 | J106: =$B106/J$1 -> 0.006 | ... BJ106: =$B106/BJ$1 -> 0.00075630252 | BL106: =IF($B$102=1,COUNTIF(C106:BJ106,">="&$C$102),0) -> 11 | BM106: =IF($B$102=1,IF(OR(BS106>=Settings!$B$5,Settings!$C$17>0),MAX(BL106,Settings!$C$17),0),0) -> 11 | BN106: =IF($B$102=1,IF(OR(BS106>=Settings!$B$5,Settings!$C$17>0),MAX(0,(2*MAX(BL106,Settings!$C$17)+1)*$C$102-BS106),MAX(0,Settings!$B$5-BS106)),"") -> 0.003943662 | BO106: =IF($B$102=1,IF(OR(BS106>=Settings!$B$5,Settings!$C$17>0),IF(BL106<=Settings!$C$17,"Protected by electorates",IF(Settings!$C$17=0,MIN(BS106-(2*BL106-1)*$D$102,BS106-Settings!$B$5),BS106-(2*BL106-1)*$D$102)),""),"") -> 0.006 | BP106: =IF($B$102=1,IF(OR(BS106>=Settings!$B$5,Settings!$C$17>0),MAX(0,MIN(1,(BS106/$C$102-(2*MAX(BL106,Settings!$C$17)-1))/2)),MIN(1,BS106/Settings!$B$5)),"") -> 0.51724138 | BQ106: =IF(AND($B$102=1,COUNTIF(C106:BJ106,$C$102)>0),1,0) -> 0 | BR106: =IF(AND($B$102=1,COUNTIF(C106:BJ106,$D$102)>0),1,0) -> 0 | BS106: =N(IF(Polls!K17="",Polls!K37,Polls!K17)) -> 0.09 | BT106: =IF(OR(BS106>=Settings!$B$5,Settings!$C$17>0),"Next seat","Threshold") -> Next seat
A107: NZF | B107: =IF(OR(BS107>=Settings!$B$5,Settings!$C$18>0),BS107,0) -> 0.08 | C107: =$B107/C$1 -> 0.08 | D107: =$B107/D$1 -> 0.026666667 | E107: =$B107/E$1 -> 0.016 | F107: =$B107/F$1 -> 0.011428571 | G107: =$B107/G$1 -> 0.0088888889 | H107: =$B107/H$1 -> 0.0072727273 | I107: =$B107/I$1 -> 0.0061538462 | J107: =$B107/J$1 -> 0.0053333333 | ... BJ107: =$B107/BJ$1 -> 0.00067226891 | BL107: =IF($B$102=1,COUNTIF(C107:BJ107,">="&$C$102),0) -> 10 | BM107: =IF($B$102=1,IF(OR(BS107>=Settings!$B$5,Settings!$C$18>0),MAX(BL107,Settings!$C$18),0),0) -> 10 | BN107: =IF($B$102=1,IF(OR(BS107>=Settings!$B$5,Settings!$C$18>0),MAX(0,(2*MAX(BL107,Settings!$C$18)+1)*$C$102-BS107),MAX(0,Settings!$B$5-BS107)),"") -> 0.0057746479 | BO107: =IF($B$102=1,IF(OR(BS107>=Settings!$B$5,Settings!$C$18>0),IF(BL107<=Settings!$C$18,"Protected by electorates",IF(Settings!$C$18=0,MIN(BS107-(2*BL107-1)*$D$102,BS107-Settings!$B$5),BS107-(2*BL107-1)*$D$102)),""),"") -> 0.004 | BP107: =IF($B$102=1,IF(OR(BS107>=Settings!$B$5,Settings!$C$18>0),MAX(0,MIN(1,(BS107/$C$102-(2*MAX(BL107,Settings!$C$18)-1))/2)),MIN(1,BS107/Settings!$B$5)),"") -> 0.29310345 | BQ107: =IF(AND($B$102=1,COUNTIF(C107:BJ107,$C$102)>0),1,0) -> 0 | BR107: =IF(AND($B$102=1,COUNTIF(C107:BJ107,$D$102)>0),1,0) -> 0 | BS107: =N(IF(Polls!L17="",Polls!L37,Polls!L17)) -> 0.08 | BT107: =IF(OR(BS107>=Settings!$B$5,Settings!$C$18>0),"Next seat","Threshold") -> Next seat
A108: TPM | B108: =IF(OR(BS108>=Settings!$B$5,Settings!$C$19>0),BS108,0) -> 0.011 | C108: =$B108/C$1 -> 0.011 | D108: =$B108/D$1 -> 0.0036666667 | E108: =$B108/E$1 -> 0.0022 | F108: =$B108/F$1 -> 0.0015714286 | G108: =$B108/G$1 -> 0.0012222222 | H108: =$B108/H$1 -> 0.001 | I108: =$B108/I$1 -> 0.00084615385 | J108: =$B108/J$1 -> 0.00073333333 | ... BJ108: =$B108/BJ$1 -> 9.2436975e-05 | BL108: =IF($B$102=1,COUNTIF(C108:BJ108,">="&$C$102),0) -> 1 | BM108: =IF($B$102=1,IF(OR(BS108>=Settings!$B$5,Settings!$C$19>0),MAX(BL108,Settings!$C$19),0),0) -> 4 | BN108: =IF($B$102=1,IF(OR(BS108>=Settings!$B$5,Settings!$C$19>0),MAX(0,(2*MAX(BL108,Settings!$C$19)+1)*$C$102-BS108),MAX(0,Settings!$B$5-BS108)),"") -> 0.025760563 | BO108: =IF($B$102=1,IF(OR(BS108>=Settings!$B$5,Settings!$C$19>0),IF(BL108<=Settings!$C$19,"Protected by electorates",IF(Settings!$C$19=0,MIN(BS108-(2*BL108-1)*$D$102,BS108-Settings!$B$5),BS108-(2*BL108-1)*$D$102)),""),"") -> Protected by electorates | BP108: =IF($B$102=1,IF(OR(BS108>=Settings!$B$5,Settings!$C$19>0),MAX(0,MIN(1,(BS108/$C$102-(2*MAX(BL108,Settings!$C$19)-1))/2)),MIN(1,BS108/Settings!$B$5)),"") -> 0 | BQ108: =IF(AND($B$102=1,COUNTIF(C108:BJ108,$C$102)>0),1,0) -> 0 | BR108: =IF(AND($B$102=1,COUNTIF(C108:BJ108,$D$102)>0),1,0) -> 0 | BS108: =N(IF(Polls!M17="",Polls!M37,Polls!M17)) -> 0.011 | BT108: =IF(OR(BS108>=Settings!$B$5,Settings!$C$19>0),"Next seat","Threshold") -> Next seat
A109: OPP | B109: =IF(OR(BS109>=Settings!$B$5,Settings!$C$20>0),BS109,0) -> 0.08 | C109: =$B109/C$1 -> 0.08 | D109: =$B109/D$1 -> 0.026666667 | E109: =$B109/E$1 -> 0.016 | F109: =$B109/F$1 -> 0.011428571 | G109: =$B109/G$1 -> 0.0088888889 | H109: =$B109/H$1 -> 0.0072727273 | I109: =$B109/I$1 -> 0.0061538462 | J109: =$B109/J$1 -> 0.0053333333 | ... BJ109: =$B109/BJ$1 -> 0.00067226891 | BL109: =IF($B$102=1,COUNTIF(C109:BJ109,">="&$C$102),0) -> 10 | BM109: =IF($B$102=1,IF(OR(BS109>=Settings!$B$5,Settings!$C$20>0),MAX(BL109,Settings!$C$20),0),0) -> 10 | BN109: =IF($B$102=1,IF(OR(BS109>=Settings!$B$5,Settings!$C$20>0),MAX(0,(2*MAX(BL109,Settings!$C$20)+1)*$C$102-BS109),MAX(0,Settings!$B$5-BS109)),"") -> 0.0057746479 | BO109: =IF($B$102=1,IF(OR(BS109>=Settings!$B$5,Settings!$C$20>0),IF(BL109<=Settings!$C$20,"Protected by electorates",IF(Settings!$C$20=0,MIN(BS109-(2*BL109-1)*$D$102,BS109-Settings!$B$5),BS109-(2*BL109-1)*$D$102)),""),"") -> 0.004 | BP109: =IF($B$102=1,IF(OR(BS109>=Settings!$B$5,Settings!$C$20>0),MAX(0,MIN(1,(BS109/$C$102-(2*MAX(BL109,Settings!$C$20)-1))/2)),MIN(1,BS109/Settings!$B$5)),"") -> 0.29310345 | BQ109: =IF(AND($B$102=1,COUNTIF(C109:BJ109,$C$102)>0),1,0) -> 0 | BR109: =IF(AND($B$102=1,COUNTIF(C109:BJ109,$D$102)>0),1,0) -> 0 | BS109: =N(IF(Polls!N17="",Polls!N37,Polls!N17)) -> 0.08 | BT109: =IF(OR(BS109>=Settings!$B$5,Settings!$C$20>0),"Next seat","Threshold") -> Next seat
A111: =Polls!A18 -> Talbot Mills Aug | B111: =IF(SUM(BS112:BS118)>0,1,0) -> 1 | C111: =IF(B111=1,LARGE(C112:BJ118,Settings!$B$4),0) -> 0.0041935484 | D111: =IF(B111=1,LARGE(C112:BJ118,Settings!$B$4+1),0) -> 0.0041176471 | E111: =IF(B111=1,IFERROR(INDEX(A112:A118,MATCH(1,BQ112:BQ118,0)),""),"") -> NZF | F111: =IF(B111=1,IFERROR(INDEX(A112:A118,MATCH(1,BR112:BR118,0)),""),"") -> ACT | G111: =IF(B111=1,SUM(BM112:BM118)+Settings!$B$10,"") -> 120
A112: NAT | B112: =IF(OR(BS112>=Settings!$B$5,Settings!$C$14>0),BS112,0) -> 0.29 | C112: =$B112/C$1 -> 0.29 | D112: =$B112/D$1 -> 0.096666667 | E112: =$B112/E$1 -> 0.058 | F112: =$B112/F$1 -> 0.041428571 | G112: =$B112/G$1 -> 0.032222222 | H112: =$B112/H$1 -> 0.026363636 | I112: =$B112/I$1 -> 0.022307692 | J112: =$B112/J$1 -> 0.019333333 | ... BJ112: =$B112/BJ$1 -> 0.0024369748 | BL112: =IF($B$111=1,COUNTIF(C112:BJ112,">="&$C$111),0) -> 35 | BM112: =IF($B$111=1,IF(OR(BS112>=Settings!$B$5,Settings!$C$14>0),MAX(BL112,Settings!$C$14),0),0) -> 35 | BN112: =IF($B$111=1,IF(OR(BS112>=Settings!$B$5,Settings!$C$14>0),MAX(0,(2*MAX(BL112,Settings!$C$14)+1)*$C$111-BS112),MAX(0,Settings!$B$5-BS112)),"") -> 0.0077419355 | BO112: =IF($B$111=1,IF(OR(BS112>=Settings!$B$5,Settings!$C$14>0),IF(BL112<=Settings!$C$14,"Protected by electorates",IF(Settings!$C$14=0,MIN(BS112-(2*BL112-1)*$D$111,BS112-Settings!$B$5),BS112-(2*BL112-1)*$D$111)),""),"") -> 0.0058823529 | BP112: =IF($B$111=1,IF(OR(BS112>=Settings!$B$5,Settings!$C$14>0),MAX(0,MIN(1,(BS112/$C$111-(2*MAX(BL112,Settings!$C$14)-1))/2)),MIN(1,BS112/Settings!$B$5)),"") -> 0.076923077 | BQ112: =IF(AND($B$111=1,COUNTIF(C112:BJ112,$C$111)>0),1,0) -> 0 | BR112: =IF(AND($B$111=1,COUNTIF(C112:BJ112,$D$111)>0),1,0) -> 0 | BS112: =N(IF(Polls!H18="",Polls!H37,Polls!H18)) -> 0.29 | BT112: =IF(OR(BS112>=Settings!$B$5,Settings!$C$14>0),"Next seat","Threshold") -> Next seat
...
